app_id,title,user_reviews
13500,Prince of Persia: Warrior Within™,2199
113020,Monaco: What's Yours Is Mine,3722
226560,Escape Dead Island,873
250180,METAL SLUG 3,5579
253980,Enclave,1608
282900,Hyperdimension Neptunia Re;Birth1,9686
15270,Cold Fear™,800
21130,LEGO® Harry Potter: Years 1-4,5169
22130,Hearts of Iron 2 Complete,462
29180,Osmos,532
32750,Comanche 4,222
241620,Inquisitor,390
408520,FORM,934
244910,Homesick,1139
250460,Bridge Constructor,716
278890,Angvik,1986
312200,Chasm,1065
321290,Dandelion - Wishes brought to you -,589
367670,Controller Companion,2323
380810,Herald: An Interactive Period Drama - Book I & II,97
437000,GUILTY GEAR 2 -OVERTURE-,214
1872790,Luckitown,163
371970,Barony,3713
222660,Retro/Grade,207
237850,Dreamfall Chapters,2976
268220,Meltdown,493
274270,NOT A HERO,1563
281450,Disciples Sacred Lands Gold,270
296870,Dreaming Sarah,2010
330180,Pix the Cat,170
351920,Crazy Machines 3,6817
402130,FlatOut 4: Total Insanity,1489
410970,Master of Orion 1,279
286380,Strata,131
288220,Backstage Pass,209
302690,Metal Dead,378
339350,Choice of Robots,1834
342310,RIOT: Civil Unrest,1280
414870,Super Mega Baseball 2,988
479010,Kodon,245
494150,The Thrill of the Fight - VR Boxing,3278
1198740,Colony Siege,155
35000,Mini Ninjas,2895
37400,Time Gentlemen Please! and Ben There Dan That! Special Edition  Double Pack,445
39690,ArcaniA,1720
65400,Archon Classic,124
222420,THE KING OF FIGHTERS '98 ULTIMATE MATCH FINAL EDITION,1901
274480,Drox Operative,263
314000,Pool Nation FX Lite,1757
326410,Windward,2534
355920,Pixel Puzzles 2: Space,58
433550,DARQ: Complete Edition,3122
284750,Enigmatis: The Ghosts of Maple Creek,1002
298930,Darkness Within 1: In Pursuit of Loath Nolder,450
302350,Tex Murphy: Under a Killing Moon,93
308270,Buzz Aldrin's Space Program Manager,381
317030,Fatty Bear's Birthday Surprise,85
402260,Dead Secret,442
429300,Sepia Tears,886
435300,We Know the Devil,689
450500,Ace of Seafood,434
574310,The Mooseman,829
520720,Dear Esther: Landmark Edition,1591
529590,Please Don't Touch Anything 3D,828
545600,Vigilantes,252
657280,Rytmik Studio,237
765410,Bean Battles,5671
412790,Adventure Time: Magic Man's Head Games,199
367120,Seduce Me the Otome,2149
395620,Ittle Dew 2+,273
457570,Camp Sunshine,220
467760,Trapper's Delight,223
542770,Castle Must Be Mine,227
581270,Old Man's Journey,2026
583270,Cosmic Express,321
589530,Hakuoki: Kyoto Winds,1267
620220,Catmaze,426
654220,Flash Point: Fire Rescue,119
684450,Surviving the Aftermath,2395
696370,BROKE PROTOCOL: Online City RPG,1507
460120,Megadimension Neptunia VII,2626
460430,The Letter - Horror Visual Novel,1086
498310,RPG in a Box,153
568040,Macbat 64,282
588730,Majotori,1352
623280,Dungeons & Dragons: Dark Alliance,3654
673130,AMID EVIL,4854
699180,Human-powered spacecraft,550
755790,Ring of Elysium,100444
758980,Poker Legends: Texas Hold'em Poker Tournaments,591
566530,Mass Exodus Redux,255
573320,Underhero,588
599610,Lost Words: Beyond the Page,382
672630,Academia : School Simulator,2170
716710,東方憑依華　～ Antinomy of Common Flowers.,1662
727910,Titanic: The Experience,257
815450,Cardinal Cross,172
448240,Hybrid Animals,347
465720,Demon Hunter 2: New Chapter,128
493080,Card Quest,256
497780,Recursed,391
525480,.hack//G.U. Last Recode,2589
544390,NITE Team 4 - Military Hacking Division,870
566540,Labyrinth of Refrain: Coven of Dusk,825
758480,Ukrainian ball in search of gas,451
826540,Audio Trip,224
589860,SoulSet,112
617160,Home Sweet Home,2777
704300,Bartender VR Simulator,133
824720,Pure Rock Crawling,930
850450,Escape First,339
55100,Homefront,3055
221910,The Stanley Parable,37766
215100,Ragnarok Online,1968
224960,Tomb Raider I,3537
919640,Steel Division 2,6343
774791,Surgeon Simulator 2,809
1032430,Blood Trail,3076
1287530,Lords and Villeins,434
1325800,Viticulture Essential Edition,153
1492070,Sker Ritual,424
1562700,SANABI,2043
1202310,Sakura Succubus,467
1370050,Trek to Yomi,1208
1076160,Command: Modern Operations,897
552520,Far Cry® 5,129943
1222690,Dragon Age™ Inquisition,10246
1208260,Hentai Vs Furries,1769
1503670,[Chilla's Art] The Caregiver | 終焉介護,265
1861290,Devil Spire,206
38410,Fallout 2: A Post Nuclear Role Playing Game,9270
301760,Disney•Pixar Cars 2: The Video Game,390
1047440,DATE A LIVE: Rio Reincarnation,2120
1144400,Senren＊Banka,11410
327740,TRON 2.0,510
1895130,Darza's Dominion,906
1895300,Shinobi Warfare,1668
1170970,Marbles on Stream,1510
1297790,Sunday Rivals,207
1378990,Crash Bandicoot™ 4: It’s About Time,1621
1995870,Pixel Survivors : Roguelike,229
35450,Red Orchestra 2: Heroes of Stalingrad with Rising Storm,23039
274520,Darkwood,13243
283940,Freddi Fish and the Case of the Missing Kelp Seeds,418
348360,Doodle God,693
1192380,TOTALLY BASEBALL,113
1290270,Vampire: The Masquerade — Night Road,485
1295510,DRAGON QUEST® XI S: Echoes of an Elusive Age™ - Definitive Edition,5681
287290,Resident Evil Revelations 2,18389
525620,Octogeddon,686
530320,Wandersong,1538
591960,Animation Throwdown: The Quest for Cards,3372
812040,Shortest Trip to Earth,1143
1066180,Crisis Brigade 2 reloaded,244
1160750,Grim Clicker,2126
1367690,Tony Stewart's All-American Racing,141
1492360,Recipe for Disaster,449
15130,Beyond Good and Evil™,2806
384110,Pathologic Classic HD,2594
387340,Hyperdimension Neptunia U: Action Unleashed,2489
984680,Interstellar Space: Genesis,538
1943950,Escape the Backrooms,31889
1724440,Epic Fantasy Battle Simulator,264
33100,Alien Shooter,2473
1307550,Craftopia,15836
660160,Field of Glory II,589
695290,The Golf Club™ 2019 featuring PGA TOUR,1628
742300,Mega Man 11,2869
1048660,Knight Squad 2,128
985890,Streets of Rage 4,14160
1510460,Chicken Invaders Universe,2152
284770,Enigmatis 2: The Mists of Ravenwood,877
294540,Freddi Fish 3: The Case of the Stolen Conch Shell,220
298030,Total Annihilation,2636
893180,Catherine Classic,6144
1206560,WorldBox - God Simulator,22524
1388770,Cruelty Squad,12482
204340,Serious Sam 2,8837
215690,Zeno Clash 2,599
962730,Skater XL - The Ultimate Skateboarding Game,16902
1037130,Dandy Ace,773
1967510,Railbound,699
2058190,Lost Judgment,2028
221640,Super Hexagon,17074
345820,Shantae and the Pirate's Curse,1467
266840,Age of Mythology: Extended Edition,26759
355240,NEO AQUARIUM - The King of Crustaceans -,214
465200,Fury Unleashed,1309
550340,Umineko: Golden Fantasia,313
755500,ONE PIECE World Seeker,2712
939960,Far Cry® New Dawn,22055
19000,Silent Hill Homecoming,1553
235800,Audiosurf 2,5074
359390,Amnesia™: Memories,2632
478980,Mansions of Madness,925
523000,Princess Maker 2 Refine,1245
657200,Hand Simulator,27672
823500,BONEWORKS,31931
980940,My Little Blacksmith Shop,739
987230,Shadow Legend VR,458
1042380,Hundred Days - Winemaking Simulator,654
1949960,Super Kiwi 64,583
7800,Stubbs the Zombie in Rebel Without a Pulse,1089
465240,Serious Sam VR: The Last Hope,1237
921060,Modern Combat 5,5517
991810,Strategic Mind: The Pacific,501
1354830,Cat Cafe Manager,1000
1570070,Beholder 3,1098
1700,Arx Fatalis,1543
37210,Chocolatier®: Decadence by Design™,180
601050,Attack on Titan 2 - A.O.T.2,4598
698700,Rise of the Third Power,286
1440440,Sam & Max Save the World,1085
1494840,Scoot,488
1284210,Guild Wars 2,11298
446310,Sabres of Infinity,124
964440,Hell is Others,804
965300,The Settlers® : Heritage of Kings - History Edition,508
976890,Hidden Deep,2291
1038370,Trials of Fire,2599
1076750,Dream Engines: Nomad Cities,353
1227890,Summer Memories,9621
1323470,GetsuFumaDen: Undying Moon,741
266410,iRacing,1838
31920,Nancy Drew®: The Phantom of Venice,129
337320,Paint the Town Red,19601
420290,Blackwake,20367
443810,This Is the Police,7832
613100,House Flipper,69534
517710,Redout: Enhanced Edition,3220
544610,Battlestar Galactica Deadlock,2092
1080750,Mutazione,681
1177660,Escape the Ayuwoki,610
1282730,Loop Hero,28429
1674170,Sprocket,6083
203650,Sonic the Hedgehog 4 - Episode II,1189
269110,Super Motherload,593
297000,Heroes® of Might & Magic® III - HD Edition,13983
1368950,VTuber Maker,1225
993110,Skinwalker Hunt,555
544550,Stationeers,4768
748490,The Legend of Heroes: Trails of Cold Steel II,2091
1097200,Twelve Minutes,5740
1114220,Gedonia,2312
1310510,Handy Harry's Haunted House Services,417
321960,Might & Magic® Heroes® VII,5325
327030,Worms W.M.D,6508
410850,DRAGON QUEST HEROES™ Slime Edition,1083
811320,Jupiter Hell,1180
1432500,The Sekimeiya: Spun Glass,121
1710580,MotoGP™22,607
4720,Condemned: Criminal Origins,1965
404040,Lords of Magic: Special Edition,385
598700,The Vagrant,6739
1005300,The Jackbox Party Pack 6,1917
1113030,Stellar Warfare,149
1174640,Arcadia Fallen,155
1218210,Coromon,3120
1925970,SIMULACRA 3,159
266510,Hand of Fate,7664
34330,Total War: SHOGUN 2,29564
405830,Turok 2: Seeds of Evil,1758
484900,Aven Colony,1612
838310,Bloodstained: Curse of the Moon,3075
850000,Noel the Mortal Fate S1-7,1671
1018020,Contra Anniversary Collection,575
1510,Uplink,1574
10680,Aliens vs. Predator™,12060
238210,System Shock 2,5308
258520,The Vanishing of Ethan Carter,6494
329110,Gems of War - Puzzle RPG,9014
366240,GAROU: MARK OF THE WOLVES,678
743890,Mega Man X Legacy Collection,2384
946010,Tasty Planet Forever,211
1127840,Landlord's Super,870
1371690,GRAVEN,547
362680,Fran Bow,11459
485510,Nioh: Complete Edition,23465
1241510,The Test,17604
1282410,Hard West 2,1620
239070,Hammerwatch,3493
248570,Toribash,15672
458730,Conception II: Children of the Seven Stars,563
539470,Police Stories,5560
823130,Totally Accurate Battlegrounds,76790
914010,Train Station Renovation,1720
1084520,雀姬/姫麻雀,2349
1218280,Bad Guys at School,1141
2141730,Backrooms: Escape Together,838
606710,Sphinx and the Cursed Mummy,409
757300,Truberbrook / Trüberbrook,924
926990,WolfQuest: Anniversary Edition,4646
1423600,BLUE REFLECTION: Second Light,678
1600370,Not Tonight 2,216
316790,Grim Fandango Remastered,5363
415480,Hyperdevotion Noire: Goddess Black Heart (Neptunia),759
720620,TaleSpire,2959
1075190,A Game of Thrones: The Board Game - Digital Edition,1373
205710,EverQuest,1804
466560,Northgard,43461
1860860,Flower girl 2,1764
1949190,Necrosmith,3392
588950,Kingsway,1200
625960,Stoneshard,22205
1011510,Wizard And Minion Idle,616
1044340,The 7th Guest: 25th Anniversary Edition,151
1080020,Electrician Simulator,987
1225560,Unravel,2597
1504740,Find Yourself,693
239120,Final Fantasy III (3D Remake),2305
854940,Ikenfell,507
863590,Starcom: Nexus,1569
1687950,Persona 5 Royal,32261
1575470,Frogun,237
1328350,Turbo Overkill,3000
322170,Geometry Dash,239081
260750,Neighbours from Hell Compilation,1892
292820,Pajama Sam 4: Life Is Rough When You Lose Your Stuff!,102
407330,Sakura Dungeon,1316
698540,Dungeon Warfare 2,860
652190,Emily Wants to Play Too,345
1350200,IMMORTALITY,847
1556870,Golf Club Wasteland,559
245450,Wizardry 8,796
573090,Stormworks: Build and Rescue,35924
384630,Aviary Attorney,927
601810,Spark the Electric Jester,859
871930,GLADIABOTS - AI Combat Arena,740
1079830,Cris Tales,248
691320,Gun Club VR,569
1257290,Atelier Ryza 2: Lost Legends & the Secret Fairy Digital Deluxe Edition,2128
498240,Batman - The Telltale Series,10944
1512480,Gunlocked,274
362620,Software Inc.,5620
503400,Four Last Things,825
838350,太吾绘卷 The Scroll Of Taiwu,45286
1508680,Love n War: Warlord by Chance,1165
1587130,Blood West,1312
1694960,Furry Feet,298
268400,Panzer Corps Gold,1846
446800,Transport Fever,8897
650510,ZONE OF THE ENDERS THE 2nd RUNNER : M∀RS / アヌビス ゾーン・オブ・エンダーズ : マーズ,621
1309610,Line War,485
619390,Oddworld: Soulstorm Enhanced Edition,204
677620,Splitgate,108046
758370,Through the Ages,1686
1281630,Anno 1404 - History Edition,1721
1316230,Force of Nature 2: Ghost Keeper,1445
422510,DEMON'S TILT,655
429720,IMSCARED,1486
567380,Heartbound,1141
623940,HIVESWAP: ACT 1,2931
837880,You Suck at Parking™,122
849740,Love Esquire - RPG/Dating Sim/Visual Novel,874
970830,The Dungeon Of Naheulbeuk: The Amulet Of Chaos,5394
1088770,Car Mechanic Simulator VR,228
1315980,Tin Can,658
1475810,Ghostwire: Tokyo,7451
206420,Saints Row IV: Re-Elected,56158
677340,The Colonists,823
897410,Esports Life Tycoon,568
204300,Awesomenauts - the 2D moba,26482
501990,Phantasmagoria,196
587220,Jet Island,1471
1144170,Warhammer: Chaos And Conquest,965
1442820,R-Type Final 2,509
1726120,Cursed to Golf,290
591370,Production Line : Car factory simulation,2838
746930,OrbusVR: Reborn,980
921590,DISSIDIA FINAL FANTASY NT Free Edition,3240
1138190,Poker Championship,1436
1846460,Burnhouse Lane,360
385560,Shadow Complex Remastered,383
510500,Executive Assault 2,922
606230,Thea 2: The Shattering,1626
761910,Worbital,328
968970,Lumberjack's Dynasty,1857
1205520,Pentiment,2335
1314000,Achilles: Legends Untold,380
234080,Castlevania: Lords of Shadow – Ultimate Edition,5716
245390,I Have No Mouth and I Must Scream,1246
268130,Heat Signature,6044
310950,Street Fighter V,25146
330720,Flashpoint Campaigns: Red Storm Player's Edition,179
345390,King's Quest,2604
747610,Zula Global,5645
1209360,Monster Truck Championship,65
1665130,PAC-MAN MUSEUM+,229
3620,Zuma's Revenge!,1478
71240,SEGA Bass Fishing,428
738530,New Gundam Breaker,1540
1040460,Space Scavenger,200
1085510,Garfield Kart - Furious Racing,8476
1374840,Dark Deity,1819
1604000,Milk outside a bag of milk outside a bag of milk,8697
4500,S.T.A.L.K.E.R.: Shadow of Chernobyl,26062
1170760,XIII - Classic,1617
1815780,Asphalt 9: Legends,3520
25990,Majesty Gold HD,424
253710,theHunter Classic,38764
304240,Resident Evil,14127
365960,rFactor 2,5151
377530,侠客风云传(Tale of Wuxia),5430
686680,Computer Tycoon,749
1511670,Enter The Backrooms,829
1582620,Mega Man X DiVE,1713
319170,Disney G-Force,342
475150,Titan Quest Anniversary Edition,20784
698670,Scorn,8248
863570,Super Seducer 2 - Advanced Seduction Tactics,1386
946050,Soda Dungeon 2,4684
1336600,Cabin Fever,314
227780,Serious Sam Classics: Revolution,2608
234650,Shadowrun Returns,8775
367270,Angels Fall First,2301
733790,Not Tonight,1520
790710,World of Warplanes,3538
1294660,Divine Knockout (DKO),451
1697880,Junkyard Truck,540
1818450,STALCRAFT,11979
329130,Reassembly,3193
486310,Meadow,4865
610080,Realm Grinder,6069
537340,Guts and Glory,1571
1851280,Samurai Bringer,786
1986840,POPGOES Arcade,955
48000,LIMBO,24470
64000,Men of War: Assault Squad,3412
620590,Ancestors Legacy,4582
920690,CardLife: Creative Survival,2025
1089840,Armored Brigade,210
1552620,Expedition Agartha,391
1798780,Dimension Tripper Neptune: TOP NEP,333
300380,Road Redemption,8387
604540,Empire of Sin,3870
1090250,Crunch Element,381
1107790,The Complex,2382
1029780,Going Medieval,12231
1421790,Labyrinth City: Pierre the Maze Detective,1458
215830,Closers,4482
532190,Super Blood Hockey,706
593600,PixARK,8529
666150,Prehistoric Kingdom,1348
1390190,APICO,616
301980,Disney Pirates of the Caribbean: At Worlds End,178
360170,How to Survive 2,8322
480490,Prey,27719
829590,CryoFall,3945
857980,Void Bastards,3386
994730,Banner of the Maid,5104
1128810,RISK: Global Domination,32514
3320,Insaniquarium Deluxe,3868
107100,Bastion,26095
266310,GameGuru Classic,1175
389430,Knight Online,10143
517810,Caesar™ IV,558
780210,Freeways,1189
871980,Digimon Survive,2087
899440,GOD EATER 3,5947
1255650,Geometry Arena,1862
287630,The Council,4460
332800,Five Nights at Freddy's 2,14677
1191120,Growing Up,2037
418180,Tempest: Pirate Action RPG,1630
459080,YIIK: A Postmodern RPG,409
1046300,Pirates Outlaws,482
1181830,Urtuk: The Desolation,1865
1282690,Crysis® 3,4221
38400,Fallout: A Post Nuclear Role Playing Game,10073
287310,Re-Volt,772
761830,Mr. Prepper,3442
607080,Psychonauts 2,8058
802880,Muv-Luv (マブラヴ),878
804010,SteamWorld Quest: Hand of Gilgamech,1255
855860,Superfighters Deluxe,2193
1122680,The Artful Escape,1039
1379130,League of Angels-Heaven's Fury,622
1449200,AI: THE SOMNIUM FILES - nirvanA Initiative,1675
402620,Kindred Spirits on the Roof,1022
775940,Rise of Liberty,1675
1183470,Imperiums: Greek Wars,307
389730,TEKKEN 7,60422
673950,Farm Together,15230
745880,Touhou Tenkuushou ~ Hidden Star in Four Seasons.,4227
1238000,Mass Effect™: Andromeda Deluxe Edition,9685
1335790,Operation: Tango,4386
1570010,FAR: Changing Tides,2153
16450,F.E.A.R. 2: Project Origin,3572
859580,Imperator: Rome,16169
1038250,DIRT 5,2472
1283410,Tails of Iron,4852
1377580,Soulworker,9306
1881420,Cardfight!! Vanguard Dear Days,592
28000,Kane & Lynch 2: Dog Days,5546
42210,Nancy Drew®: Secrets Can Kill REMASTERED,230
363930,Dead Age,4055
400080,Out of Space,1423
497180,Street Legal Racing: Redline v2.3.1,3064
619880,ATOMEGA,1221
688060,Odd Realm,689
800600,Wayhaven Chronicles: Book One,286
1043340,No Time,1130
289780,Requiem: Desiderium Mortis,793
427730,Who's Your Daddy?!,22115
579840,Bloody Trapland 2: Curiosity,612
1041320,Lords Mobile,4740
1499120,I Expect You To Die 2,870
1618540,Ghost Exorcism INC.,3981
32360,The Secret of Monkey Island: Special Edition,4235
32430,STAR WARS™ - The Force Unleashed™ Ultimate Sith Edition,6269
39680,The Guild II Renaissance,3073
397060,Faeria,1284
417880,Everybody's Gone to the Rapture,1313
504370,Battlerite,58661
694500,Army Men RTS,707
735280,EMERGENCY 20,1343
1138660,Black Book,3673
1289310,Helltaker,110173
1388590,Yakuza 6: The Song of Life,3453
1814010,Stuck In Time,577
1161580,Hardspace: Shipbreaker,15335
8140,Tomb Raider: Underworld,4521
587450,Saurian,1259
608800,Guns of Icarus Alliance,564
703320,Hidden & Dangerous 2: Courage Under Fire,564
757320,Atomicrops,2829
872570,Romans: Age of Caesar,285
950180,Lemnis Gate,753
965200,Walking Zombie 2,10135
2083900,FLERP,261
1250,Killing Floor,35989
307690,Sleeping Dogs: Definitive Edition,45096
334940,Yoku's Island Express,2298
511470,Glass Masquerade,4452
1730590,The Entropy Centre,1117
115800,Owlboy,3139
217750,Age of Conan: Unchained,2308
362960,Tyranny,8393
420520,Lost Technology,458
433850,Z1 Battle Royale,207328
924980,Trials of Mana,3931
1077450,Wally and the FANTASTIC PREDATORS,157
1259560,Britannic: Patroness of the Mediterranean,651
1325200,Nioh 2 – The Complete Edition,24353
31880,Nancy Drew®: Secret of the Old Clock,151
438270,Learn Japanese To Survive! Hiragana Battle,1636
1191900,Say No! More,605
1569090,Vivid Knight,1396
1608700,Soundfall,756
1028350,Pupperazzi,271
1104330,Founders' Fortune,1615
1556200,Predator: Hunting Grounds,2687
301520,Robocraft,118488
505040,FORTIFY,1748
886900,Chef: A Restaurant Tycoon Game,1126
909320,Ruinarch,924
916840,The Walking Dead: Saints & Sinners,6282
1065180,Azure Striker Gunvolt 2,396
1277930,Riddle Joker,2812
1627850,Deadly Broadcast,270
304410,Hexcells Infinite,3267
362490,Exanima,8557
515260,Virtual Rides 3 - Funfair Simulator,544
555880,Sairento VR,1392
718560,Scythe: Digital Edition,2583
754500,Plutocracy,849
1101360,Rock of Ages 3: Make & Break,558
1346010,RiMS Racing,238
1715730,Boo Men,1022
32380,STAR WARS™ Jedi Knight: Dark Forces II,1448
732370,Juicy Realm,3059
1039890,EARTH DEFENSE FORCE: IRON RAIN,954
1189490,觅长生,15559
1577620,The Signal State,334
1927720,Monument Valley: Panoramic Edition,1519
239250,Castlevania: Lords of Shadow 2,3377
574560,Dude Stop,1586
914020,Gibbous -  A Cthulhu Adventure,1622
1129190,Our Life: Beginnings & Always,8642
1184840,Chaos Galaxy,222
592480,Knights And Bikes,310
624970,Battlezone: Combat Commander,636
636450,Rez Infinite,903
1280780,War on the Sea,2074
313690,LEGO® Batman™ 3: Beyond Gotham,4409
392950,Lost Lands: A Hidden Object Adventure,5149
471810,Death Squared,330
840720,Sword Art Online: Lost Song,1499
1045080,Curious Cases,288
1147690,NGU IDLE,9632
1110910,Mortal Shell,4916
1707870,RiffTrax: The Game,145
65930,The Bureau: XCOM Declassified,4476
375910,Anno 2205™,5012
420930,CHKN,1064
455980,Judgment: Apocalypse Survival Simulation,1861
550080,VALKYRIE DRIVE -BHIKKHUNI-,1046
1105510,Yakuza 5 Remastered,2823
356040,Sheltered,4876
512790,Quern - Undying Thoughts,2797
1342330,Mad Games Tycoon 2,3792
1689910,Dōkyūsei: Bangin' Summer,1147
1739000,Franchise Hockey Manager 8,174
248610,Door Kickers,7447
408900,Unfortunate Spacemen,7083
637670,Secret of Mana,1914
851670,LUMINES REMASTERED,398
890720,In Other Waters,1189
2005210,Void Scrappers,339
294650,Putt-Putt® Goes to the Moon,126
457210,SEUM: Speedrunners from Hell,1925
873840,Truck and Logistics Simulator,1239
999020,Mega Man Zero/ZX Legacy Collection,1290
1119700,As Far As The Eye,1490
1066780,Transport Fever 2,17694
1243830,Overcooked! All You Can Eat,1892
758730,Paw Patrol: On A Roll!,256
1143810,Black Skylands,1069
1303950,Toodee and Topdee,447
208750,Apotheon,2842
301640,Zombie Army Trilogy,12029
336140,Unavowed,1680
523780,Emily is Away Too,4489
1273710,King of Crabs,7800
1357860,Fuga: Melodies of Steel,649
1598160,Bloodwash,724
359220,MX vs. ATV Unleashed,438
582270,Everything,2784
1079620,Infinity: Battlescape,479
1233270,OshiRabu: Waifus Over Husbandos,3445
1341820,As Dusk Falls,1401
1546500,Warplanes: WW1 Fighters,334
1972440,Shotgun King: The Final Checkmate,3011
2018130,Desktopia: A Desktop Village Simulator,160
34030,Total War: NAPOLEON – Definitive Edition,12620
50300,Spec Ops: The Line,25119
211500,RaceRoom Racing Experience,18323
215530,The Incredible Adventures of Van Helsing,6779
381020,Sky Rogue,832
605230,Grey Hack,985
1222370,Necromunda: Hired Gun,4574
1483780,Tested on Humans: Escape Room,291
966610,FPS Monitor – hardware in-game & desktop overlays,1327
979690,The Ascent,14233
1123770,Curse of the Dead Gods,5581
1342260,SAMURAI SHODOWN,706
243970,Invisible Inc.,4556
428550,Momodora: Reverie Under The Moonlight,8637
747200,Keplerth,3219
1046030,ISLANDERS,13980
1516750,Alien Marauder,237
393420,Hurtworld,23777
789760,DEAD OR SCHOOL,2400
882250,Metro Sim Hustle,225
558260,Gravel,621
597170,Clone Drone in the Danger Zone,19373
975680,METAL SLUG XX,747
924970,Back 4 Blood,36457
1062110,UNSIGHTED,928
1140620,CosmicBreak Universal,1166
39500,Gothic® 3,6729
261470,Distant Worlds: Universe,1317
438640,LEGO® STAR WARS™: The Force Awakens,3585
589780,The Red Strings Club,8554
663090,Granado Espada,1066
707300,Hatsune Miku VR,544
1338580,McPixel 3,288
420530,OneShot,30937
1082180,TT Isle of Man: Ride on the Edge 2,618
1347550,Tiny Combat Arena,993
1782330,Green Hell VR,611
209000,Batman™: Arkham Origins,27664
247080,Crypt of the NecroDancer,20212
534550,Guacamelee! 2,2137
638970,Yakuza 0,45578
702050,The Song of Saya,3726
957720,Strategic Command WWII: World at War,370
1368910,Super Mecha Champions,7269
1373510,BloodRayne: Terminal Cut,812
20920,The Witcher 2: Assassins of Kings Enhanced Edition,62519
1976440,CounterSide,2768
1495860,What The Dub?!,223
1545990,Deadeye Deepfake Simulacrum,236
1679290,Fire & Maneuver,1916
882020,Monster Energy Supercross - The Official Videogame 2,425
108710,Alan Wake,27464
236430,DARK SOULS™ II,28182
574050,DRAGON QUEST HEROES™ II,620
979110,Space Haven,6053
1116880,The Heroic Legend of Eagarlnia,1398
1399080,The DioField Chronicle,540
525510,Guns Gore and Cannoli 2,2924
555950,Danganronpa Another Episode: Ultra Despair Girls,4169
938860,Get In The Car Loser!,50
1146510,Deep Sleep Trilogy,267
1678430,PowerSlave Exhumed,448
50620,Darksiders™,7685
304530,Agents of Mayhem,2985
342180,Arizona Sunshine®,6730
246620,Plague Inc: Evolved,43413
313120,Stranded Deep,37887
349040,NARUTO SHIPPUDEN: Ultimate Ninja STORM 4,59543
361990,Lakeview Cabin Collection,1395
491950,Orwell: Keeping an Eye On You,7658
566860,VR Dungeon Knight,1258
725480,Slap City,2376
1079210,Spark the Electric Jester 2,454
1544020,The Callisto Protocol™,21737
1702330,Rune Factory 5,948
875760,Furious Seas,186
32370,STAR WARS™ - Knights of the Old Republic™,23396
40980,Stronghold Legends: Steam Edition,1541
690040,SUPERHOT: MIND CONTROL DELETE,7145
770100,One Deck Dungeon,593
1101190,Dungeon Defenders: Awakened,2817
1524630,KeepUp Survival,411
225000,Tomb Raider V: Chronicles,627
422900,Particle Fleet: Emergence,964
485980,Syrian Warfare,3932
741510,The Hong Kong Massacre,774
895620,Spellcaster University,2562
1148650,The Legend of Bum-Bo,5200
1242980,KeyWe,690
1254370,No one lives under the lighthouse Director's cut,1208
1490840,Bloodshore,428
1840490,Christmas Massacre,441
606150,Moonlighter,11195
1150590,Samurai Jack: Battle Through Time,1033
1364290,Animalia Survival,1414
1709050,Nitro Kid,179
1885750,Betrayal At Club Low,219
375900,Trackmania® Turbo,1348
598550,HUNTDOWN,2168
925950,Here Comes Niko!,685
1137300,Sherlock Holmes Chapter One,1884
31910,Nancy Drew®: The Haunting of Castle Malloy,131
1305420,Agrou,1869
1816670,GUNDAM EVOLUTION,18407
301650,Battlezone 98 Redux,821
397350,Lords of the Realm II,1108
464060,RUINER,8544
611760,Don't Escape: 4 Days to Survive,1224
661790,Witch Hunt,1873
741430,Titanic VR,203
1354230,Love Tavern,591
658970,CasinoRPG,235
1093910,Tales of the Black Forest,8589
1123450,Chicory: A Colorful Tale,1861
1532690,BLACKTAIL,887
2067850,Drakensang Online,657
50,Half-Life: Opposing Force,14057
448280,Job Simulator,3041
1347970,Patch Quest,457
1382320,Antonball Deluxe,208
1702840,Paradox of Hope VR,368
12710,Overlord™: Raising Hell,1355
555220,Detention,9102
631510,Devil May Cry HD Collection,5398
215280,Secret World Legends,8603
221540,DG2: Defense Grid 2,2145
314980,Supreme Ruler Ultimate,1043
705220,Tactical Monsters Rumble Arena,4526
757210,EMERGENCY 4 Deluxe,1249
22100,Mount & Blade,4597
230700,La-Mulana,1691
248310,Freedom Planet,2910
996580,Spyro™ Reignited Trilogy,10308
1227280,Despot's Game: Dystopian Battle Simulator,2132
236690,Blood Bowl 2,6316
290080,Life is Feudal: Your Own,8492
292140,FINAL FANTASY® XIII-2,3729
294670,Putt-Putt® Travels Through Time,208
595690,One Hour One Life,2878
825630,STEINS;GATE 0,4281
1222680,Need for Speed™ Heat,69978
1488200,Symphony of War: The Nephilim Saga,8045
276810,Mordheim: City of the Damned,6079
299740,Miscreated,23228
384190,ABZU,18168
1054490,Wingspan,5441
1082430,Before Your Eyes,8796
12320,Sacred Gold,3086
15300,Tom Clancy's Ghost Recon®,1074
233740,Organ Trail: Director's Cut,2169
293260,Card Hunter,4940
785480,Titanic: Adventure Out Of Time,263
998740,Ring of Pain,2481
1200,Red Orchestra: Ostfront 41-45,1282
496460,Life is Feudal: Forest Village,4829
1170060,Boomerang X,679
278910,Interplanetary,540
1113570,Voice of Cards: The Isle Dragon Roars,965
819020,Zanki Zero: Last Beginning,526
1028860,Star Chef: Cooking & Restaurant Game,306
386180,Crossout,56621
10150,Prototype™,8295
388980,Race Track Builder,157
703860,GRID,3404
774811,YUMENIKKI -DREAM DIARY-,1030
1440670,Zeepkist,789
1695830,Baldur's Gate: Dark Alliance,631
271260,Star Control®: Origins,1804
500260,Ben and Ed - Blood Party,1638
584400,Sonic Mania,18473
885150,Capcom Beat 'Em Up Bundle,758
1057640,Onirism,280
1301390,No Umbrellas Allowed,1026
250400,How to Survive,13673
298050,Master of Orion,6261
427290,Vampyr,13903
991560,ONE PUNCH MAN: A HERO NOBODY KNOWS,997
1144020,GolfTopia,393
1668690,Alina of the Arena,2663
288120,Dungeonmans,846
301610,openCanvas 6,461
324510,Boundless,1575
537800,Bomber Crew,8030
388750,BlazBlue: Chronophantasma Extend,2263
501080,Fishing: Barents Sea,2054
980300,One Finger Death Punch 2,3329
1167140,Siege Survival: Gloria Victis,900
1345860,Grapple Dog,279
15120,Tom Clancy's Rainbow Six® Vegas 2,4177
204530,Infested Planet,2232
227600,Castle of Illusion,2356
668550,8Doors: Arum's Afterlife Adventure,538
1175880,War Room,487
1059980,Just King,930
242760,The Forest,416113
444200,World of Tanks Blitz,131334
1222800,VALKYRIE CONNECT,871
1475850,Rugby 22,145
375530,Football Tactics & Glory,3203
871530,Radio Commander,1296
891360,Hellcoming,551
1034900,Blaster Master Zero,693
1656780,Hero's Hour,3013
1726400,The Death | Thần Trùng,2573
242920,Banished,34370
395200,Ben and Ed,2551
235460,METAL GEAR RISING: REVENGEANCE,53864
760160,Vampire: The Masquerade - Bloodhunt,47137
809230,Unity of Command II,1388
953580,Tourist Bus Simulator,1975
1052990,A Monster's Expedition,870
1969870,生死狙击2 - 国服,17380
780310,The Riftbreaker,13593
31170,Tales of Monkey Island: Complete Season,526
33930,Arma 2: Operation Arrowhead,15795
232890,Stronghold Crusader 2,9581
243950,Divinity: Dragon Commander,1624
294810,BlazBlue: Continuum Shift Extend,1110
909660,Vagrus - The Riven Realms,801
1271100,Deadly Premonition 2: A Blessing in Disguise,195
398850,Epistory - Typing Chronicles,3555
405710,Staxel,2816
916730,Gato Roboto,2695
1410640,Syberia: The World Before,1928
224980,Tomb Raider IV: The Last Revelation,990
242050,Assassin’s Creed® IV Black Flag™,53059
704450,Neverwinter Nights: Enhanced Edition,5607
809020,ZeroRanger,1105
931280,Iron Marines,1313
978520,Legend of Keepers: Career of a Dungeon Manager,3325
1314140,TramSim Vienna - The Tram Simulator,998
1340640,HORROR TALES: The Wine,319
511680,Fate/EXTELLA,3690
511740,Gal*Gun: Double Peace,1646
517160,Richie's Plank Experience,556
587430,I Expect You To Die,1770
647830,LEGO® Marvel Super Heroes 2,5359
855640,My Brother Rabbit,1203
1692700,SimplePlanes VR,138
31890,Nancy Drew®: Secret of the Scarlet Hand,128
265610,Epic Battle Fantasy 4,2356
365160,Kona,2159
842910,The MISSING: J.J. Macfield and the Island of Memories,940
3830,Psychonauts,9207
25980,Majesty 2,839
410710,System Shock: Enhanced Edition,1334
515180,Bus Simulator 18,7186
255710,Cities: Skylines,178458
979710,Easy Pose,610
1200330,Strategic Mind: Blitzkrieg,349
1254130,Phobies,588
1306720,Mayhem Brawler,350
220,Half-Life 2,122230
227940,Heroes & Generals,141919
291480,Warface,80549
362930,Garfield Kart,9043
464920,Surviving Mars,14061
733340,Hakuoki: Edo Blossoms,653
513710,SCUM,75107
654890,Grand Tactician: The Civil War (1861-1865),1743
1250410,Microsoft Flight Simulator 40th Anniversary Edition,48096
914260,HALF DEAD 2,1783
1041840,Fight Angel Special Edition,1289
597180,Old World,2217
393380,Squad,105530
594650,Hunt: Showdown,136385
1142710,Total War: WARHAMMER III,60471
678950,DRAGON BALL FighterZ,45269
1151340,Fallout 76,46469
1533390,Gorilla Tag,6985
312520,Rain World,16568
323190,Frostpunk,77955
582010,Monster Hunter: World,233430
1063730,New World,222345
471710,Rec Room,55749
257420,Serious Sam 4,11278
678960,CODE VEIN,37382
550,Left 4 Dead 2,574470
1174180,Red Dead Redemption 2,410074
1385380,Across the Obelisk,7378
271590,Grand Theft Auto V,1484122
336150,Virtual Pool 4,505
339200,Oceanhorn: Monster of Uncharted Seas,1110
294100,RimWorld,140668
799600,Cosmoteer: Starship Architect & Commander,7049
1203220,NARAKA: BLADEPOINT,163924
107410,Arma 3,154094
1135690,Unpacking,20901
202970,Call of Duty®: Black Ops II,17304
493340,Planet Coaster,49662
747660,Five Nights at Freddy's: Security Breach,51272
1868140,DAVE THE DIVER,51463
695920,Super Seducer : How to Talk to Girls,1428
880940,Pummel Party,36370
1361210,Warhammer 40000: Darktide,61373
1817190,Marvel’s Spider-Man: Miles Morales,16625
292030,The Witcher® 3: Wild Hunt,668455
1096530,Solasta: Crown of the Magister,15661
1158310,Crusader Kings III,62489
361690,STAR WARS™ X-Wing vs TIE Fighter - Balance of Power Campaigns™,190
621830,WRC 7 FIA World Rally Championship,3394
787860,Farming Simulator 19,56382
1046820,I'm on Observation Duty,1117
1358710,Battle Cry of Freedom,1274
237990,The Banner Saga,12241
537110,Angels of Death,3709
876650,Aground,1268
1284410,GWENT: The Witcher Card Game,19791
1466860,Age of Empires IV: Anniversary Edition,41462
105600,Terraria,943413
1007040,EARTH DEFENSE FORCE 5,6429
1244800,Terraformers,757
1397650,Jetborne Racing,373
1525700,Tavern Master,4652
1559390,Fate Seeker II,9949
1672140,Bot Wars,543
1147660,ArcheAge: Unchained,3718
438100,VRChat,202265
1476970,IdleOn - The Idle MMO,13985
1629520,A Little to the Left,4186
1059990,Trombone Champ,5491
1227690,Severed Steel,1891
212500,The Lord of the Rings Online™,17912
1217060,Gunfire Reborn,76700
252490,Rust,786668
570,Dota 2,2045628
1659040,HITMAN 3,13718
412020,Metro Exodus,82022
244210,Assetto Corsa,79527
377160,Fallout 4,205094
552500,Warhammer: Vermintide 2,73972
1395030,Kathy Rain: Director's Cut,368
529340,Victoria 3,23019
1997040,MARVEL SNAP,17659
739630,Phasmophobia,486466
1286830,STAR WARS™: The Old Republic™,54766
1313140,Cult of the Lamb,50890
383980,Rivals of Aether,26071
594570,Total War: WARHAMMER II,81509
1121640,The Wandering Village,3790
3900,Sid Meier's Civilization® IV,2091
22180,Penumbra Overture,2772
412830,STEINS;GATE,12944
502750,Quest for Glory 1-5,273
622720,Weedcraft Inc,1235
236850,Europa Universalis IV,81284
686810,Hell Let Loose,68869
813780,Age of Empires II: Definitive Edition,114658
1557740,ROUNDS,17212
1113120,IXION,9987
1089090,ONE PIECE: PIRATE WARRIORS 4,11593
1244460,Jurassic World Evolution 2,17958
261640,Borderlands: The Pre-Sequel,27185
805550,Assetto Corsa Competizione,18354
335300,DARK SOULS™ II: Scholar of the First Sin,60296
1085660,Destiny 2,562723
1332010,Stray,111376
997010,Police Simulator: Patrol Officers,10871
965310,The Settlers® : Rise of an Empire - History Edition,427
1227530,Partisans 1941,5440
71260,Space Channel 5: Part 2,1204
396900,GRIP: Combat Racing,2834
1248130,Farming Simulator 22,38761
650000,DOOM VFR,1849
973810,Journey To The Savage Planet,3949
977650,DwarfHeim,428
1131240,Dungeons of Edera,858
1397790,Samurai Gunn 2,447
322210,Guns Gore & Cannoli,2524
436670,The Legend of Heroes: Trails in the Sky the 3rd,1260
1517290,Battlefield™ 2042,153151
509980,BIGFOOT,13321
1432860,Sun Haven,9297
268500,XCOM® 2,64315
1145360,Hades,214267
22380,Fallout: New Vegas,147417
239140,Dying Light,283604
667970,VTOL VR,11883
812140,Assassin's Creed® Odyssey,128200
1789480,Marauders,11008
527230,For The King,25262
434170,The Jackbox Party Pack 3,4212
505460,Foxhole,28238
779340,Total War: THREE KINGDOMS,54561
728880,Overcooked! 2,37458
632360,Risk of Rain 2,164702
1105420,Game of Thrones Winter is Coming,2147
1196310,Fantasy Grounds Unity,527
364360,Total War: WARHAMMER,30529
976730,Halo: The Master Chief Collection,192874
1166290,Death and Taxes,3454
1755350,BBQ Simulator: The Squad,589
275390,Guacamelee! Super Turbo Championship Edition,2101
521350,Use Your Words,635
1136160,Internet Cafe Simulator,7235
1259790,Puyo Puyo™ Tetris® 2,981
1714040,Super Auto Pets,24106
35140,Batman: Arkham Asylum Game of the Year Edition,33409
233130,Shadow Warrior,14083
221100,DayZ,296845
270880,American Truck Simulator,108202
1605220,Dune: Spice Wars,6805
460930,Tom Clancy's Ghost Recon® Wildlands,66209
1330460,Becastled,3846
1333910,Sizeable,551
627690,Idle Champions of the Forgotten Realms,12595
1049590,Eternal Return,49560
1151640,Horizon Zero Dawn™ Complete Edition,75682
1179080,FAITH: The Unholy Trinity,3440
1435790,Escape Simulator,10456
1588010,PGA TOUR 2K23,2410
360740,Downwell,6653
378360,Ymir,720
16900,GROUND BRANCH,13532
251570,7 Days to Die,189374
1407200,World of Tanks,68360
304390,FOR HONOR™,82277
400750,Call to Arms - Gates of Hell: Ostfront,9909
214950,Total War: ROME II - Emperor Edition,44423
635260,CarX Drift Racing Online,62194
1089780,Tales Of Glory 2 - Retaliation,182
1092430,Budget Cuts 2: Mission Insolvency,387
1142500,Fun with Ragdolls: The Game,3409
286160,Tabletop Simulator,36192
1184370,Pathfinder: Wrath of the Righteous - Enhanced Edition,22910
1543150,The Fermi Paradox,713
1642890,Disc Golf Valley,186
1645820,SurrounDead,2099
1712840,Tiny Tina's Assault on Dragon Keep: A Wonderlands One-shot Adventure,298
7670,BioShock™,22087
9180,Commander Keen,1235
792100,7 Billion Humans,1308
948740,AI: The Somnium Files,5761
205650,The Testament of Sherlock Holmes,2438
247000,Talisman: Digital Edition,4661
1408610,Call of the Wild: The Angler™,4138
655500,MX Bikes,13634
1462040,FINAL FANTASY VII REMAKE INTERGRADE,15165
1611600,WARNO,5698
289070,Sid Meier’s Civilization® VI,201288
1577120,The Quarry,5993
238960,Path of Exile,206939
449610,Monster Boy and the Cursed Kingdom,1799
451020,Battle Chasers: Nightwar,4963
458580,Windlands 2,326
761600,Onimusha: Warlords,1439
1053680,Granny Simulator,3018
1150080,Azur Lane Crosswave,6274
1485080,Just Act Natural,3598
767560,War Robots,18774
848450,Subnautica: Below Zero,74092
1091500,Cyberpunk 2077,557051
108600,Project Zomboid,173263
220200,Kerbal Space Program,94712
243470,Watch_Dogs™,31632
447020,Farming Simulator 17,19812
449800,Attack on Titan / A.O.T. Wings of Freedom,3284
540840,Lara Croft GO,2429
6220,FlatOut,3631
250320,The Wolf Among Us,24176
448850,Overload,1340
457680,OPUS: The Day We Found Earth,1035
609110,Blazing Chrome,919
976310,Mortal Kombat 11,62702
1044720,Farthest Frontier,13490
1056640,Phantasy Star Online 2 New Genesis,22046
233860,Kenshi,62332
1288320,Way of the Hunter,4368
200210,Realm of the Mad God Exalt,44362
489630,Warhammer 40000: Gladius - Relics of War,5942
798510,SUPER DRAGON BALL HEROES WORLD MISSION,1095
937170,Otaku's Adventure,5758
1092660,Blair Witch,4454
1328840,Lost in Play,2014
1358140,Cooking Simulator VR,1018
1336490,Against the Storm,12998
1588530,Dungeon Alchemist,1031
703080,Planet Zoo,60113
1836860,Neptunia x SENRAN KAGURA: Ninja Wars,663
230070,The Age of Decadence,2880
232430,Gone Home,12359
1657630,Slime Rancher 2,19632
548430,Deep Rock Galactic,187823
1172470,Apex Legends™,713182
305780,Echo of the Wilds,128
949050,Virtual Villagers Origins 2,257
367520,Hollow Knight,272420
440900,Conan Exiles,63982
730,Counter-Strike: Global Offensive,7494460
264710,Subnautica,220337
359320,Elite Dangerous,68600
1593500,God of War,76981
984110,SYNTHETIK: Arena,2166
1150640,Yu-Gi-Oh! Legacy of the Duelist : Link Evolution,2690
1157220,Nebuchadnezzar,1045
629730,Blade and Sorcery,41477
646570,Slay the Spire,117359
275850,No Man's Sky,209971
1497950,EARTH DEFENSE FORCE: WORLD BROTHERS,561
1229490,ULTRAKILL,67817
1245620,ELDEN RING,528702
1527950,Wartales,17609
230410,Warframe,542198
620980,Beat Saber,63695
413150,Stardew Valley,505882
431240,Golf With Your Friends,39239
1426210,It Takes Two,114704
385800,NEKOPARA Vol. 0,14038
392000,TRON RUN/r,306
359550,Tom Clancy's Rainbow Six® Siege,993312
1677740,Stumble Guys,92475
546560,Half-Life: Alyx,71472
1384160,GUILTY GEAR -STRIVE-,29223
990050,Death end re;Quest,861
1266690,Dark Deception: Monsters & Mortals,1966
916440,Anno 1800,9930
588650,Dead Cells,118206
218620,PAYDAY 2,416048
1461600,Project Sparrow,1042
1709170,Paradise Marsh,177
702120,THE KING OF FIGHTERS '97 GLOBAL MATCH,932
1170950,Mortal Online 2,7181
1756160,Unsafe,136
2088340,Bratz™: Flaunt your fashion,141
249630,Delver,2246
385380,Planet Centauri,1609
432980,INVERSUS Deluxe,229
613830,CHRONO TRIGGER®,6452
1295270,SaGa Frontier Remastered,404
1086940,Baldur's Gate 3,269840
1324340,Made in Abyss: Binary Star Falling into Darkness,1232
1118200,People Playground,195164
435150,Divinity: Original Sin 2 - Definitive Edition,146559
581320,Insurgency: Sandstorm,85811
1582680,Trolley Problem Inc.,660
1765780,ADACA,360
223750,DCS World Steam Edition,29183
13540,Tom Clancy's Rainbow Six® Vegas,935
21780,Driver® Parallel Lines,865
676500,Time Warpers,454
752590,A Plague Tale: Innocence,47480
938560,INMOST,3228
1075740,Banners of Ruin,1750
1413020,Superfly,421
333300,ADOM (Ancient Domains Of Mystery),1042
403180,Draw a Stickman: EPIC 2,602
455400,PAC-MAN 256,949
576770,Low Magic Age,2627
654880,Dream Daddy: A Dad Dating Simulator,4701
268910,Cuphead,128002
1150690,OMORI,53999
1079160,Touhou Kikeijuu ~ Wily Beast and Weakest Creature.,897
1079800,Pistol Whip,3039
2167580,Summoners War: Chronicles,10332
391730,Crashlands,3008
905370,Conqueror's Blade,27892
544810,KARDS - The WWII Card Game,25677
1259420,Days Gone,45437
620,Portal 2,293053
1036950,Super Jigsaw Puzzle: Generations,747
1194830,Master Bladesmith,335
208650,Batman™: Arkham Knight,68322
799960,Wizard101,6102
1237970,Titanfall® 2,154419
1290000,PowerWash Simulator,34548
1659420,UNCHARTED™: Legacy of Thieves Collection,9765
1904540,Football Manager 2023,11525
1400870,When The Night Comes,188
648800,Raft,240299
782330,DOOM Eternal,153466
1293830,Forza Horizon 4,179226
1449850,Yu-Gi-Oh! Master Duel,64168
2124780,Endoparasitic,1511
63610,Riven: The Sequel to MYST,985
872670,SCP: 5K,5038
339230,ZOMBI,2216
1372110,JoJo's Bizarre Adventure: All-Star Battle R,5678
1029690,Sniper Elite 5,10467
704270,Generation Zero®,22646
762220,Afterparty,512
762830,Telling Lies,954
833040,Hiveswap Friendsim,1091
904540,Indiana Jones® and the Infernal Machine™,289
1022450,War Selection,16804
1119730,Ranch Simulator - Build Farm Hunt,10434
1621760,Decision: Red Daze,385
322290,Gurumin: A Monstrous Adventure,476
373390,Contradiction: Spot The Liar,2412
392470,NOBUNAGA'S AMBITION: Sphere of Influence,506
518790,theHunter: Call of the Wild™,116038
1190000,Car Mechanic Simulator 2021,20020
815370,Green Hell,44276
570940,DARK SOULS™: REMASTERED,55356
1286680,Tiny Tina's Wonderlands,9614
1401590,Disney Dreamlight Valley,11641
444090,Paladins®,339466
1637320,Dome Keeper,6840
244850,Space Engineers,78007
380600,Fishing Planet,47448
960090,Bloons TD 6,239938
376210,The Isle,63564
1794680,Vampire Survivors,197109
962130,Grounded,47304
1604030,V Rising,63580
508440,Totally Accurate Battle Simulator,104218
368260,Marvel's Midnight Suns,9588
1373260,Obsidian Prince,95
99910,Puzzle Pirates,1802
242700,Injustice: Gods Among Us Ultimate Edition,8849
342940,Project: Gorgon,1743
1599600,PlateUp!,10151
1938090,Call of Duty®,429206
1158160,Coral Island,6335
4000,Garry's Mod,853733
261550,Mount & Blade II: Bannerlord,177725
216150,MapleStory,10945
386360,SMITE®,111622
459820,Crush Crush,23973
441550,STAR WARS™ Rebellion,894
520950,DRIFT21,1575
559210,Rakuen,4141
524220,NieR:Automata™,86896
1144200,Ready or Not,95170
489830,The Elder Scrolls V: Skyrim Special Edition,138503
361420,ASTRONEER,94605
671510,DESOLATE,5944
711660,CHUCHEL,2392
1669420,Islets,385
12900,AudioSurf,8396
228300,Remember Me,9223
237930,Transistor,25937
1600780,MY LITTLE PONY: A Maretime Bay Adventure,326
201230,EverQuest II,2194
201790,Orcs Must Die! 2,12000
270630,Haunt the House: Terrortown,1418
319080,Disney Princess: My Fairytale Adventure,157
325210,Arctico,920
392160,X4: Foundations,14620
683900,RollerCoaster Tycoon® Classic,1463
1129310,Receiver 2,2079
1296830,暖雪 Warm Snow,24456
1973710,ヘブンバーンズレッド,3060
312530,Duck Game,22396
618740,Beat Hazard 2,1246
1025440,Fantasy General II,840
1113560,NieR Replicant™ ver.1.22474487139...,14951
1172620,Sea of Thieves 2023 Edition,253844
381210,Dead by Daylight,492443
688420,Bad North: Jotunn Edition,7279
784080,MechWarrior 5: Mercenaries,7514
1169040,Necesse,7348
1599340,Lost Ark,194889
454650,DRAGON BALL XENOVERSE 2,32678
1477790,Luna's Fishing Garden,1153
1684670,Best Forklift Operator,161
1929870,Nomad Survival,1358
311210,Call of Duty®: Black Ops III,109515
1201240,BLEACH Brave Souls,8849
219990,Grim Dawn,71555
493520,GTFO,35426
534380,Dying Light 2 Stay Human,113138
1240440,Halo Infinite,161274
257350,Baldur's Gate II: Enhanced Edition,7503
617290,Remnant: From the Ashes,39794
834280,Fishing Sim World®: Pro Tour,722
1874170,Shredders,1345
1237320,Sonic Frontiers,14850
1551360,Forza Horizon 5,127136
301910,Saints Row: Gat out of Hell,7101
402180,Sakura Swim Club,2137
416590,Emily Wants To Play,1594
487000,Quest Hunter,1779
774461,The Jackbox Party Pack 5,1734
39210,FINAL FANTASY XIV Online,62412
552990,World of Warships,129335
24240,PAYDAY™ The Heist,19761
45700,Devil May Cry 4,1703
219950,NiGHTS Into Dreams,821
575720,Mighty Party,2265
753650,Due Process,4367
374320,DARK SOULS™ III,230407
1703340,The Stanley Parable: Ultra Deluxe,21760
231430,Company of Heroes 2,59881
377870,DARIUSBURST Chronicle Saviours,590
547900,Front Office Football Eight,250
989690,Conan Unconquered,1029
1046790,Eternal Threads,243
1498570,THE KING OF FIGHTERS XV,6025
1574250,SPOOKWARE,463
1827980,Idle Spiral,973
307110,We Need To Go Deeper,4008
529180,Dark and Light,9995
690640,Trine 4: The Nightmare Prince,8531
788690,Psychonauts in the Rhombus of Ruin,408
1434950,HighFleet,4637
1530720,Sport Mode,394
1679210,The Spirit and the Mouse,250
206190,Gunpoint,9345
327140,Tilt Brush,563
438040,Shakes and Fidget,29113
903950,Last Oasis,19779
1266100,Vampire: The Masquerade — Parliament of Knives,200
1283400,Steelrising,1588
1304550,Progressbar95,1400
3540,Peggle™ Nights,1262
21000,LEGO® Batman™: The Videogame,6151
225640,Sacred 2 Gold,2056
246840,FATE,2711
312610,METAL SLUG X,2187
326360,Warspear Online,2198
554600,Learn Japanese To Survive! Katakana War,362
1279630,Vampire: The Masquerade - Shadows of New York,747
204100,Max Payne 3,36689
238260,Pinball Arcade,3779
288160,The Room,21646
462770,Pyre,7266
531680,8-Bit Invaders!,362
552700,WORLD OF FINAL FANTASY®,2408
839310,Signal Simulator,790
896520,Stay Out of the House,527
1366540,Dyson Sphere Program,65414
1583320,Pro Soccer Online,7810
1837750,Demeo: PC Edition,425
1901370,Ib,2073
60,Ricochet,3395
351700,UnReal World,955
424370,Wolcen: Lords of Mayhem,58282
696170,SENRAN KAGURA Peach Beach Splash,3312
826940,Maid of Sker,1111
1948280,Stacklands,19988
345370,TyranoBuilder Visual Novel Studio,626
949200,Ambition: A Minuet in Power,189
1262460,Zompiercer,1044
1597730,Dogs Organized Neatly,651
297130,Titan Souls,6239
323320,Grow Home,3515
436320,Raw Data,1998
612470,Bio Inc. Redemption,1612
742250,OPUS: Rocket of Whispers,1020
1013320,Firestone: Online Idle RPG,4971
1114290,Windjammers 2,446
1220010,Home Behind 2,5795
1263370,Seek Girl:Fog Ⅰ,4294
262410,World of Guns: Gun Disassembly,17725
531510,Just Shapes & Beats,15004
667720,Red Faction Guerrilla Re-Mars-tered,2530
1742610,Spirits of the Hellements - TD,255
1977530,One-armed cook,8879
15320,IL-2 Sturmovik: 1946,2087
369990,Gremlins Inc.,5509
791330,Fallen ~Makina and the City of Ruins~,1553
910630,Arcade Spirits,348
1302240,Labyrinthine,9048
1966900,20 Minutes Till Dawn,18493
7610,Railroad Tycoon 3,871
22200,Zeno Clash,1805
42960,Victoria II,13863
225320,Tomb Raider III,1094
360430,Mafia III: Definitive Edition,26102
386620,Cook Serve Delicious! 2!!,1922
527440,Rustangelo,649
893720,One Hand Clapping,382
1037020,ScourgeBringer,1946
1843940,Brigandine The Legend of Runersia,679
314070,Super Mega Baseball: Extra Innings,677
314660,Oddworld: New 'n' Tasty,2573
1478220,Puzzle Together Multiplayer Jigsaw Puzzles,3372
1548750,Conway: Disappearance at Dahlia View,177
1648390,ScooterFlow,1111
238750,Might & Magic X - Legacy,2793
366220,Wurm Unlimited,1754
431600,Automobilista,1505
474960,Quantum Break,17487
674520,Fight'N Rage,1927
777130,Blush Blush,5712
1188680,The Political Machine 2020,672
1271280,Rift Wizard,757
1408230,Walkabout Mini Golf VR,2247
690790,DiRT Rally 2.0,26681
1162700,Midnight Protocol,155
1172650,INDUSTRIA,1115
1818750,MultiVersus,92833
224580,Arma II: DayZ Mod,437
287020,Harvester,842
418650,Space Pirate Trainer,2548
585900,Harvest Moon: Light of Hope Special Edition,934
730830,Escape from Monkey Island™,466
829660,No Time to Relax,1014
1046400,Astalon: Tears of the Earth,582
1730650,REQUISITION VR: Home Alone,196
324570,Halo: Spartan Strike,1198
630610,Disneyland Adventures,423
666570,Infectonator 3: Apocalypse,747
1118380,Discord Bot Studio,417
251990,Long Live The Queen,5501
571530,Superdimension Neptune VS Sega Hard Girls,796
897220,Summer Pockets,2015
910830,Rebel Galaxy Outlaw,636
221040,Resident Evil 6,29482
360940,The Mean Greens - Plastic Warfare,8005
790740,Tick Tock: A Tale for Two,7277
951440,Volcanoids,4953
957790,War Dust VR: 32v32 Battlefields,1357
19900,Far Cry® 2,12208
351510,Quiplash,832
1315610,Source of Madness,539
357330,Space Beast Terror Fright,1020
512470,The Pirate: Caribbean Hunt,4027
589290,Holdfast: Nations At War,19602
726590,NBA 2K Playgrounds 2,1142
1100150,Touhou Chireiden ~ Subterranean Animism.,367
1352930,HAAK,1570
1685750,Capcom Fighting Collection,396
10110,Space Quest™ Collection,256
774241,Warhammer: Chaosbane,2513
966320,Later Alligator,1655
1131620,Dominion,811
7000,Tomb Raider: Legend,3728
71340,Sonic Generations Collection,16200
447150,APE OUT,2329
589870,Learn to Fly 3,7429
792300,The Beast Inside,6492
844870,KurtzPel,34751
1385100,Insurmountable,502
1424710,Geneforge 1 - Mutagen,248
1850740,Ghost Watchers,8239
46510,Syberia II,1278
211600,Thief™ Gold,2534
251950,WWII Online,3347
274940,Depth,22976
502370,Warhammer 40000: Sanctus Reach,1021
559100,Phantom Doctrine,3287
603960,Monolith,1498
702670,Donut County,6670
789100,My Little Farmies,391
969990,SpongeBob SquarePants: Battle for Bikini Bottom - Rehydrated,10692
1084640,Chicken Police - Paint it RED!,1090
1156250,The Exorcist: Legion VR (Deluxe Edition),132
1164850,Sinking Simulator,96
1167680,Orbital Bullet – The 360° Rogue-lite,312
1243200,STUFFED: Fun Co-Op FPS,151
1397920,Mr.Mine,12702
338170,Ratz Instagib,2322
212480,Sonic & All-Stars Racing Transformed Collection,9950
774201,Heaven's Vault,1359
798810,Natural Locomotion,516
1053710,The Red Lantern,132
1178160,Blackjack Championship,715
1361320,The Room 4: Old Sins,11065
460790,Bayonetta,20175
674020,World War 3,49594
834910,ATLAS,35736
956450,Rogue Fable III,575
1263550,Combat Arms: the Classic,1230
1406780,Viscerafest,394
31100,Wallace & Gromit’s Grand Adventures,110
322110,20XX,3536
327400,Sid Meier's Colonization (Classic),684
851100,Touhou Luna Nights,11047
1368030,ANNO: Mutationem,3693
1373430,Leisure Suit Larry - Wet Dreams Dry Twice,484
1734320,Brutal Orchestra,515
1552350,The Jackbox Party Pack 8,944
284850,Grim Legends: The Forsaken Bride,825
1178830,Bright Memory: Infinite,30270
1182020,WGT Golf,2000
251130,Chroma Squad,2446
556180,Mysterium: A Psychic Clue Game,401
558990,Opus Magnum,4049
559620,Outlaws + A Handful of Missions,475
927350,Hood: Outlaws & Legends,5252
1528810,Exodus Borealis,198
1552810,Twin Mirror,262
640990,Fashioning Little Miss Lonesome,287
1125390,Atrio: The Dark Wild,333
1163870,Mecha Knights: Nightmare,855
1238880,Battlefield™ Hardline,1354
1599560,Wanderer,583
1904860,Legends of Kingdom Rush,836
237630,DuckTales: Remastered,5201
798490,Othercide,3238
435030,Lost Lands: Mahjong,4910
500810,Arcanum: Of Steamworks and Magick Obscura,1255
669050,Mutiny!!,226
1063580,Aeon's End,272
268990,The Dishwasher: Vampire Smile,989
345610,The Fruit of Grisaia,893
357500,Rumble Fighter: Unleashed,358
515960,Martha Is Dead,1542
638200,Capitalism 2,315
1275350,Ninja Kiwi Archive,4075
1364390,Animaze by FaceRig,2212
1481080,DRAMAtical Murder,1611
1574240,Dread Delusion,526
1988540,The Zachtronics Solitaire Collection,291
205610,Port Royale 3,989
247660,Deadly Premonition: The Director's Cut,2465
617480,Tower of Time,1803
873940,Crying Suns,2501
1232580,Knock on the Coffin Lid,530
1244950,Battletoads,1604
1639790,Northern Journey,999
211740,Thief™ II: The Metal Age,1460
368610,The Enchanted Cave 2,580
441010,Mount Your Friends 3D: A Hard Man is Good to Climb,308
1144770,SLUDGE LIFE,546
1124180,Rail Route,981
1375400,Ghosts 'n Goblins Resurrection,531
8000,Tomb Raider: Anniversary,4805
238010,Deus Ex: Human Revolution - Director's Cut,21249
339040,Disney's Chicken Little,310
452570,Battle Chef Brigade Deluxe,1123
635940,Little Busters! English Edition,649
889910,Hell Pie,570
675010,MudRunner,24725
1418100,Swords of Legends Online,5670
232910,TrackMania² Stadium,5026
971030,SkateBIRD,426
426790,Grow Up,1393
598960,Mashinky,1979
694770,Vestaria Saga I: War of the Scions,800
1203420,Miss Neko 2,1842
30,Day of Defeat,3489
225020,Tomb Raider VI: The Angel of Darkness,1126
852220,Accident,999
1797680,Wee Tanks!,242
4850,Cossacks: Back to War,1988
15080,Rayman Raving Rabbids™,923
22370,Fallout 3: Game of the Year Edition,32399
225300,Tomb Raider II,1724
833090,Swords of Gurrah,629
885970,Total War: ROME REMASTERED,8193
888530,Yaga,388
1134700,Wild Terra 2: New Lands,884
1518810,Koi Farm,591
1580790,[NINJA GAIDEN: Master Collection] NINJA GAIDEN Σ2,1000
1930600,Beautiful Mystic Survivors,966
1373550,BloodRayne 2: Terminal Cut,563
209650,Call of Duty®: Advanced Warfare - Gold Edition,9495
1477700,Project Wunderwaffe,270
263860,SPACECOM,141
516110,ToeJam & Earl: Back in the Groove!,611
1481400,Dagon: by H. P. Lovecraft,8975
694130,My Free Zoo,503
803830,The Snowboard Game,281
773951,Freeman: Guerrilla Warfare,10427
15390,Brothers in Arms: Hell's Highway™,1597
1637730,Crystal Project,1418
440880,The Count Lucanor,1655
39140,FINAL FANTASY VII,19875
587000,First Strike: Classic,1251
784150,Workers & Resources: Soviet Republic,11838
9900,Star Trek Online,18245
10180,Call of Duty®: Modern Warfare® 2 (2009),29141
12210,Grand Theft Auto IV: The Complete Edition,114405
10090,Call of Duty: World at War,38836
223850,3DMark,11573
210970,The Witness,12321
10,Counter-Strike,136118
70,Half-Life,72475
240,Counter-Strike: Source,103720
380,Half-Life 2: Episode One,20221
420,Half-Life 2: Episode Two,27401
440,Team Fortress 2,985819
500,Left 4 Dead,41569
400,Portal,117868
2100,Dark Messiah of Might & Magic,6884
2280,DOOM (1993),13070
2300,DOOM II,6344
2310,Quake,10139
2600,Vampire: The Masquerade - Bloodlines,10748
2620,Call of Duty®,4662
2630,Call of Duty® 2,6429
2640,Call of Duty: United Offensive,1485
3480,Peggle Deluxe,5022
3590,Plants vs. Zombies GOTY Edition,100864
4570,Warhammer® 40000: Dawn of War® - Game of the Year Edition,6374
4700,Total War: MEDIEVAL II – Definitive Edition,20732
6000,STAR WARS™ Republic Commando™,12086
6020,STAR WARS™ Jedi Knight - Jedi Academy™,10054
6030,STAR WARS™ Jedi Knight II - Jedi Outcast™,3454
6060,Star Wars: Battlefront 2 (Classic 2005),42611
7940,Call of Duty® 4: Modern Warfare® (2007),16617
8980,Borderlands Game of the Year,17971
9420,Supreme Commander: Forged Alliance,7928
8870,BioShock Infinite,99379
8500,EVE Online,31742
8930,Sid Meier's Civilization® V,117717
9450,Warhammer® 40000: Dawn of War® - Soulstorm,10618
9480,Saints Row 2,10318
9880,Champions Online,3901
10500,Total War: EMPIRE – Definitive Edition,16525
12140,Max Payne,9588
12200,Bully: Scholarship Edition,23543
15100,Assassin's Creed™: Director's Cut Edition,14948
15620,Warhammer 40000: Dawn of War II,5881
16810,Sid Meier's Civilization IV: Colonization,884
17410,Mirror's Edge™,26554
17440,SPORE™ Creepy & Cute Parts Pack,1567
17470,Dead Space (2008),19490
17480,Command & Conquer: Red Alert 3,11192
19680,Alice: Madness Returns,11403
20900,The Witcher: Enhanced Edition Director's Cut,59457
21690,Resident Evil 5,25970
22300,Fallout 3,14891
22600,Worms Reloaded,3010
22330,The Elder Scrolls IV: Oblivion® Game of the Year Edition,33935
17390,SPORE™,48900
22320,The Elder Scrolls III: Morrowind® Game of the Year Edition,17537
24200,DC Universe™ Online,19448
24720,SPORE™ Galactic Adventures,5605
24780,SimCity™ 4 Deluxe Edition,6737
24790,Command & Conquer 3: Tiberium Wars,6102
24800,Command & Conquer: Red Alert 3 - Uprising,3166
24810,Command & Conquer 3: Kane's Wrath,3333
25000,Overgrowth,4833
32440,LEGO® Star Wars™ - The Complete Saga,17011
32470,STAR WARS™ Empire at War - Gold Pack,27174
32500,STAR WARS™: The Force Unleashed™ II,4720
32510,LEGO® Star Wars™ III - The Clone Wars™,5502
33220,Tom Clancy's Splinter Cell Conviction™ Deluxe Edition,3289
33230,Assassin's Creed 2,39945
24010,Train Simulator Classic,17070
34270,SEGA Mega Drive and Genesis Classics,6607
35130,Lara Croft and the Guardian of Light,3082
38420,Fallout Tactics: Brotherhood of Steel,1722
39120,RIFT,10786
40100,Supreme Commander 2,7206
40800,Super Meat Boy,23526
40970,Stronghold Crusader HD,12970
41500,Torchlight,4590
41700,S.T.A.L.K.E.R.: Call of Pripyat,19292
45740,Dead Rising® 2,4510
42680,Call of Duty®: Modern Warfare® 3 (2011),11758
42700,Call of Duty®: Black Ops,15894
45760,Ultra Street Fighter® IV,8134
45770,Dead Rising 2: Off the Record,1983
47410,Stronghold Kingdoms,8887
47780,Dead Space™ 2,18120
47790,Medal of Honor™,4656
47810,Dragon Age: Origins - Ultimate Edition,18706
48190,Assassin’s Creed® Brotherhood,16272
48240,Anno 2070™,10708
48700,Mount & Blade: Warband,118732
50130,Mafia II (Classic),29932
55230,Saints Row: The Third,46587
56400,Warhammer 40000: Dawn of War II: Retribution,6623
49520,Borderlands 2,184041
47890,The Sims™ 3,26795
55150,Warhammer 40000: Space Marine - Anniversary Edition,11098
57300,Amnesia: The Dark Descent,16849
65800,Dungeon Defenders,10156
65980,Sid Meier's Civilization®: Beyond Earth™,13015
71250,Sonic Adventure DX,10375
99900,Spiral Knights,22946
108200,Ticket to Ride,3015
110800,L.A. Noire,24351
113200,The Binding of Isaac,42729
115320,Prototype 2,8171
200170,Worms Revolution,5079
109600,Neverwinter,36630
200260,Batman: Arkham City - Game of the Year Edition,37214
200510,XCOM: Enemy Unknown,35237
200710,Torchlight II,30411
201810,Wolfenstein: The New Order,35497
201870,Assassin's Creed® Revelations,12861
203140,Hitman: Absolution™,30477
203160,Tomb Raider,136055
203770,Crusader Kings II,69388
204450,Call of Juarez: Gunslinger,14716
204880,Sins of a Solar Empire®: Rebellion,9366
205100,Dishonored,55536
207140,SpeedRunners,21334
204360,Castle Crashers®,77210
206480,Dungeons & Dragons Online®,6303
207610,The Walking Dead,37410
208200,DOOM 3,6491
208580,STAR WARS™ Knights of the Old Republic™ II - The Sith Lords™,18743
209160,Call of Duty®: Ghosts,10089
211820,Starbound,82805
212070,Star Conflict,14322
212680,FTL: Faster Than Light,53587
213610,Sonic Adventure 2,14328
214490,Alien: Isolation,37069
212200,Mabinogi,3599
213670,South Park™: The Stick of Truth™,45796
212160,Vindictus,7471
214510,LEGO® The Lord of the Rings™,6669
217200,Worms Armageddon,6124
219150,Hotline Miami,70877
220240,Far Cry 3,82840
220440,DmC: Devil May Cry,16165
218230,PlanetSide 2,70459
219740,Don't Starve,87184
221380,Age of Empires II (2013),79956
222480,Resident Evil Revelations,7357
223470,POSTAL 2,73455
225260,Brutal Legend,9178
225540,Just Cause™ 3,88730
226840,Age of Wonders III,6596
228200,Company of Heroes,9059
230190,War for the Overworld,5761
228280,Baldur's Gate: Enhanced Edition,12140
221680,Rocksmith® 2014 Edition - Remastered,12698
230290,Universe Sandbox,18391
227300,Euro Truck Simulator 2,494214
233270,Far Cry 3 - Blood Dragon,14045
234140,Mad Max,43476
235600,Tom Clancy’s Splinter Cell Blacklist,15400
238370,Magicka 2,7772
238460,BattleBlock Theater®,51487
232090,Killing Floor 2,75250
237310,Elsword,9266
236390,War Thunder,393681
238320,Outlast,75391
233450,Prison Architect,53817
234330,MARVEL Puzzle Quest,4204
236110,Dungeon Defenders II,20761
239820,Game Dev Tycoon,35792
240720,Getting Over It with Bennett Foddy,54728
241930,Middle-earth™: Shadow of Mordor™,52043
242550,Rayman® Legends,6080
242640,Styx: Master of Shadows,7565
242860,Verdun,27770
244160,Homeworld Remastered Collection,9977
244450,Men of War: Assault Squad 2,29701
486860,MMORPG Tycoon 2,2250
239030,Papers Please,57117
245170,Skullgirls 2nd Encore,19392
246900,Viscera Cleanup Detail,13785
248820,Risk of Rain,19920
249130,LEGO® Marvel™ Super Heroes,14031
250760,Shovel Knight: Treasure Trove,12466
251060,Wargame: Red Dragon,13654
251150,The Legend of Heroes: Trails in the Sky,6492
252110,Lovers in a Dangerous Spacetime,2857
252530,OMSI 2: Steam Edition,5658
252610,Death Road to Canada,6256
252870,PULSAR: Lost Colony,3975
253430,CastleMiner Z,7070
254700,Resident Evil 4 (2005),51153
257510,The Talos Principle,23751
257850,Hyper Light Drifter,13007
261570,Ori and the Blind Forest,42736
265550,Dead Rising 3 Apocalypse Edition,10768
262060,Darkest Dungeon®,111091
253230,A Hat in Time,38270
265930,Goat Simulator,48551
268650,From the Depths,8551
269210,Hero Siege,27118
269950,X-Plane 11,14959
270150,RUNNING WITH RIFLES,12547
274170,Hotline Miami 2: Wrong Number,42431
274190,Broforce,42423
277590,Assassin's Creed Freedom Cry,1879
278080,DYNASTY WARRIORS 8: Xtreme Legends Complete Edition,10017
281610,Homeworld: Deserts of Kharak,6286
282070,This War of Mine,61816
282140,SOMA,31153
282800,100% Orange Juice,13130
283640,Salt and Sanctuary,16407
285190,Warhammer 40000: Dawn of War III,12022
292120,FINAL FANTASY® XIII,12377
285310,RollerCoaster Tycoon®: Deluxe,5764
285330,RollerCoaster Tycoon® 2: Triple Thrill Pack,3950
285920,TerraTech,15808
284160,BeamNG.drive,178635
285900,Gang Beasts,41910
281990,Stellaris,107871
286690,Metro 2033 Redux,63578
287390,Metro: Last Light Redux,49996
287450,Rise of Nations: Extended Edition,10510
287980,Mini Metro,9942
288470,Fable Anniversary,10580
289130,ENDLESS™ Legend,13562
289690,LARA CROFT AND THE TEMPLE OF OSIRIS™,1043
290340,Armello,10322
335670,LISA: The Painful,11619
289650,Assassin's Creed® Unity,53273
291550,Brawlhalla,335623
287700,METAL GEAR SOLID V: THE PHANTOM PAIN,57296
291650,Pillars of Eternity,14020
362890,Black Mesa,93810
298110,Far Cry® 4,42773
298630,The Escapists,13731
301320,NoLimits 2 Roller Coaster Simulation,1079
302510,Ryse: Son of Rome,28884
302670,Call to Arms,13879
355790,Styx: Shards of Darkness,3225
304050,Trove,90409
293760,Automation - The Car Company Tycoon Game,9383
292730,Call of Duty®: Infinite Warfare,13454
304650,SUNLESS SEA,6927
304930,Unturned,515016
306020,Bloons TD 5,9245
307780,Mortal Kombat X,31713
311260,The Guild 3,6043
311290,SpellForce 3 Reforced,4954
311310,Naval Action,11199
311560,Assassin’s Creed® Rogue,12983
304430,INSIDE,45867
305620,The Long Dark,86496
306130,The Elder Scrolls® Online,114079
307960,IL-2 Sturmovik: Battle of Stalingrad,5127
314160,Microsoft Flight Simulator X: Steam Edition,20560
319630,Life is Strange - Episode 1,160660
321360,Primal Carnage: Extinction,6846
322500,SUPERHOT,22755
314650,SpaceEngine,8134
319510,Five Nights at Freddy's,36315
322330,Don't Starve Together,280962
312660,Sniper Elite 4,42995
311690,Enter the Gungeon,66406
326460,ShellShock Live,26939
327070,Gloria Victis: Medieval MMORPG,7261
329050,Devil May Cry 4 Special Edition,10338
329070,SpyParty,897
329430,State of Decay: YOSE,8361
330020,Children of Morta,13083
331670,The Jackbox Party Pack,1285
332570,Amazing Frog?,8296
332950,Dark Deception,15129
333640,Caves of Qud,5498
334230,Town of Salem,30853
335240,Transformice,24519
325610,Total War: ATTILA,22184
337000,Deus Ex: Mankind Divided,27356
337360,Dead Island Retro Revenge,370
339340,Resident Evil 0,7227
341940,Hatred,13142
342200,MechWarrior Online™ Legends,10579
342560,Airships: Conquer the Skies,4605
343780,Cat Goes Fishing,8022
346010,Besiege,40969
346900,AdVenture Capitalist,54926
352720,The Universim,6048
354140,Five Nights at Freddy's 3,7417
346110,ARK: Survival Evolved,495087
339600,VEGA Conflict,4646
341800,Keep Talking and Nobody Explodes,10421
339610,Freestyle 2: Street Basketball,12239
357190,ULTIMATE MARVEL VS. CAPCOM 3,4016
359870,FINAL FANTASY X/X-2 HD Remaster,13384
361280,Turmoil,9391
363440,Mega Man Legacy Collection,2848
363890,RPG Maker MV,5662
363970,Clicker Heroes,58994
365360,Battle Brothers,17973
365590,Tom Clancy’s The Division™,68663
366090,Colony Survival,6279
604500,Tank Force,2131
356190,Middle-earth™: Shadow of War™,67261
367450,Poly Bridge,14215
367500,Dragon's Dogma: Dark Arisen,25811
368500,Assassin's Creed® Syndicate,22876
371660,Far Cry® Primal,24920
372000,Tree of Savior (English Ver.),19907
374040,Portal Knights,15520
375480,Chronicon,7706
368340,CrossCode,12681
373420,Divinity: Original Sin - Enhanced Edition,19881
377840,FINAL FANTASY IX,8174
378760,Pixel Starships,1867
382110,Virtual Desktop,1819
382310,Eco,8827
382560,Hot Lava,4341
383120,Empyrion - Galactic Survival,25663
383150,Dead Island Definitive Edition,16951
578650,The Outer Worlds,20407
383180,Dead Island: Riptide Definitive Edition,4233
383870,Firewatch,56360
384180,Prominence Poker,6832
379430,Kingdom Come: Deliverance,84668
379720,DOOM,121343
386070,Planetary Annihilation: TITANS,10101
388090,Five Nights at Freddy's 4,10447
391220,Rise of the Tomb Raider™,94812
392110,ENDLESS™ Space 2,15252
393080,Call of Duty®: Modern Warfare® Remastered (2017),6614
394310,Punch Club,9294
391540,Undertale,182534
386940,Ultimate Chicken Horse,27603
387990,Scrap Mechanic,90219
394690,Tower Unite,13936
397460,The Jackbox Party Pack 2,1240
397950,Clustertruck,10869
582160,Assassin's Creed® Origins,85324
403640,Dishonored 2,33190
404680,Hob,3894
405310,LEGO® MARVEL's Avengers,4240
407130,Tank Mechanic Simulator,6747
410320,EARTH DEFENSE FORCE 4.1 The Shadow of New Despair,6470
397540,Borderlands 3,95243
394360,Hearts of Iron IV,176243
410340,Liftoff®: FPV Drone Racing,7141
410900,Forts,13063
411300,ELEX,11330
413410,Danganronpa: Trigger Happy Havoc,24092
413420,Danganronpa 2: Goodbye Despair,21129
414340,Hellblade: Senua's Sacrifice,48300
418030,Subsistence,10339
578080,PUBG: BATTLEGROUNDS,2217226
573100,Battlefleet Gothic: Armada 2,7352
418240,Shadow Tactics: Blades of the Shogun,27116
418460,Rising Storm 2: Vietnam,36600
418370,Resident Evil 7 Biohazard,50501
414700,Outlast 2,37496
418530,Spelunky 2,15430
420560,Firefighting Simulator - The Squad,3483
427100,Fernbus Simulator,5751
427190,DEAD RISING®,3959
429050,Feed and Grow: Fish,12565
429790,AdventureQuest 3D,8317
434050,Duke Nukem 3D: 20th Anniversary World Tour,3442
424030,War of Rights,8897
431730,Aseprite,11608
433340,Slime Rancher,97997
431960,Wallpaper Engine,637341
424840,Little Nightmares,37034
427520,Factorio,134384
437920,Tricky Towers,9956
442120,Pinball FX3,4436
571740,Golf It!,18321
443110,Armored Warfare,3859
444640,Bloons TD Battles,27568
445220,Avorion,10479
445980,Wizard of Legend,14821
438740,Friday the 13th: The Game,62757
436150,Governor of Poker 3,12668
447040,Watch_Dogs® 2,58213
447530,VA-11 Hall-A: Cyberpunk Bartender Action,27613
448510,Overcooked,10721
450540,Hot Dogs Horseshoes & Hand Grenades,17345
453090,Parkitect,5384
456750,The Room Three,9192
459220,Halo Wars: Definitive Edition,6330
460920,Steep™,22559
460950,Katana ZERO,51364
774361,Blasphemous,27739
774171,Muse Dash,86591
481510,Night in the Woods,13213
457140,Oxygen Not Included,97758
453480,Shadowverse CCG,14010
463530,Empires of the Undergrowth,8137
466240,Deceit,88084
469600,Legion TD 2 - Multiplayer Tower Defense,8426
469820,Genital Jousting,7815
473950,Manifold Garden,4431
477740,Zero Escape: The Nonary Games,4254
470220,UNO,35495
476600,Call of Duty®: WWII,25498
488860,MADNESS: Project Nexus,11038
489520,Minion Masters,60906
766570,Russian Fishing 4,33725
490920,Wolfpack,1416
493490,City Car Driving,19424
493840,Marvel vs. Capcom: Infinite,1725
493900,Dungeons 3,11703
494840,UBOAT,14548
488790,South Park™: The Fractured But Whole™,21676
492720,Tropico 6,15862
495910,Dungeon Fighter Online,5026
496240,Onward,8056
501300,What Remains of Edith Finch,30006
501590,Bulletstorm: Full Clip Edition,5478
502520,Ultimate General: Civil War,6754
506610,Five Nights at Freddy's: Sister Location,8982
495420,State of Decay 2: Juggernaut Edition,38721
502500,ACE COMBAT™ 7: SKIES UNKNOWN,28760
504230,Celeste,72238
512900,Streets of Rogue,13680
517630,Just Cause 4 Reloaded,17237
518150,Intruder,4258
519860,DUSK,16482
520440,GUILTY GEAR Xrd REV 2,6506
521890,Hello Neighbor,9201
522470,The House of Da Vinci,4446
523660,HYPERCHARGE: Unboxed,3048
516750,My Summer Car,52494
527430,Warhammer 40000: Inquisitor - Martyr,15169
553310,Lethal League Blaze,4118
552100,Brick Rigs,31911
553420,TUNIC,8853
528230,SYNTHETIK: Legion Rising,8980
528740,Operation: New Earth,639
532210,Life is Strange 2,18634
535930,Two Point Hospital,22730
536270,Ancestors: The Humankind Odyssey,6274
537180,Digimon Masters Online,8110
526870,Satisfactory,119866
538680,The Legend of Heroes: Trails of Cold Steel,4270
541200,GTTOD: Get To The Orange Door,2572
541210,Cold Waters,3810
541570,Sally Face - Episode One,14271
544730,Catan Universe,11536
544750,SOULCALIBUR VI,7702
551170,Onmyoji,2691
557340,My Friend Pedro,22405
559650,Witch It,12392
560130,Pillars of Eternity II: Deadfire,11843
564230,Fire Pro Wrestling World,2640
567640,Danganronpa V3: Killing Harmony,15559
568220,Lobotomy Corporation | Monster Management Simulation,23922
555160,Pavlov VR,34735
562810,MONOPOLY® PLUS,11476
569480,Kingdoms and Castles,24645
572890,Pikuniku,5820
574980,Them's Fightin' Herds,2795
577690,Spooky's Jump Scare Mansion: HD Renovation,2038
577940,Killer Instinct,3608
586140,BlazBlue Centralfiction,7103
586200,Street Fighter 30th Anniversary Collection,1499
587620,Okami HD,5668
589360,Ni no Kuni™ II: Revenant Kingdom,7155
589590,Kindergarten,6199
590380,Into the Breach,14489
593280,Cat Quest,5440
594330,Visage,6252
588430,Fallout Shelter,60359
585420,Trailmakers,14750
588030,Derail Valley,4188
582660,Black Desert,49539
595520,FINAL FANTASY XII THE ZODIAC AGE,5703
596970,Sunless Skies: Sovereign Edition,2288
597220,West of Loathing,7966
597760,Yuppie Psycho: Executive Edition,5058
597820,BIOMUTANT,11621
774861,Project Winter,13041
598980,The Coin Game,4251
600750,Star Trek Timelines,1214
601840,Griftlands,12057
603850,Age of History II,31749
601510,Yu-Gi-Oh! Duel Links,40475
602960,Barotrauma,35639
599140,Graveyard Keeper,27727
601150,Devil May Cry 5,71034
605740,Flashing Lights: Police Firefighting Emergency Services Simulator,11378
606880,GreedFall,14650
610180,The Jackbox Party Pack 4,2019
611660,Fallout 4 VR,4525
612880,Wolfenstein II: The New Colossus,24639
613880,Zoo Tycoon: Ultimate Animal Collection,1286
614570,Dishonored®: Death of the Outsider™,7437
615120,COMPOUND,1749
860950,Mark of the Ninja: Remastered,4672
617830,SUPERHOT VR,6357
611790,House Party,12422
611670,The Elder Scrolls V: Skyrim VR,7278
622650,Bendy and the Ink Machine,12443
626690,Sword Art Online: Fatal Bullet,14234
627270,Injustice™ 2,12124
629520,Soundpad,51809
629760,MORDHAU,88130
632300,Hobo: Tough Life,5942
621060,PC Building Simulator,38807
629820,Maneater,9416
636480,Ravenfield,57201
637650,FINAL FANTASY XV WINDOWS EDITION,34694
638230,Journey,22827
640820,Pathfinder: Kingmaker - Enhanced Plus Edition,23958
641320,Cooking Simulator,14318
641990,The Escapists 2,21000
644930,They Are Billions,38386
645630,Car Mechanic Simulator 2018,41756
645730,RESONANCE OF FATE™/END OF ETERNITY™ 4K/HD EDITION,702
814370,Monster Sanctuary,7014
633230,NARUTO TO BORUTO: SHINOBI STRIKER,40328
648350,Jurassic World Evolution,45021
648410,Colony Ship: A Post-Earth Role Playing Game,845
653530,Return of the Obra Dinn,19156
658850,Do Not Feed the Monkeys,6952
666860,Bit Heroes,2792
646910,The Crew™ 2,58079
666140,My Time At Portia,31750
673610,Airport CEO,5970
673880,Warhammer 40000: Mechanicus,8735
674140,Bugsnax,3190
674500,Total Tank Simulator,5635
677120,Heroes of Hammerwatch,6534
677160,We Were Here Too,5222
678800,SAS: Zombie Assault 4,7631
680420,OUTRIDERS,44395
673750,Super Bunny Man,4082
674940,Stick Fight: The Game,89774
681280,Descenders,11435
682990,Drug Dealer Simulator,13783
683320,GRIS,55346
684410,Bridge Constructor Portal,4243
688130,Pogostuck: Rage With Your Friends,4569
690830,Foundation,12541
692850,Bloodstained: Ritual of the Night,24578
692890,Roboquest,4576
700600,Evil Genius 2: World Domination,9007
694280,Zombie Army 4: Dead War,5250
702890,BlazBlue: Cross Tag Battle,2809
704850,Thief Simulator,21325
707010,Will To Live Online,15001
707030,POSTAL 4: No Regerts,8214
711540,Lonely Mountains: Downhill,1721
712100,A Total War Saga: THRONES OF BRITANNIA,10535
714010,Aimlabs,89133
714120,Little Misfortune,6316
715400,Frozen Flame,1924
702320,March of Empires,1380
701160,Kingdom Two Crowns,16790
718670,Cultist Simulator,6881
718850,Age of Wonders: Planetfall,4207
719040,Wasteland 3,13732
719890,Beasts of Bermuda,5686
729000,Wytchwood,1781
736260,Baba Is You,15406
736820,Knights of Honor II: Sovereign,2443
740130,Tales of Arise,22264
743450,Monster Prom,10619
743900,Mega Man X Legacy Collection 2,1315
731490,Crash Bandicoot™ N. Sane Trilogy,10493
732690,FIVE NIGHTS AT FREDDY'S: HELP WANTED,9699
744900,Dead Frontier 2,22396
746850,Cloudpunk,11180
750920,Shadow of the Tomb Raider: Definitive Edition,51425
751440,VR Kanojo / VRカノジョ,1664
751630,After the Fall®,1955
751780,Forager,28255
757310,Sable,3317
758870,Kynseed,2125
745920,Temtem,30306
753640,Outer Wilds,46994
760060,Mutant Year Zero: Road to Eden,11888
763890,Wildermyth,13731
768520,Red Solstice 2: Survivors,2325
770810,Good Pizza Great Pizza - Cooking Simulator Game,1669
773370,Exo One,3481
773790,Ostriv,3498
774181,Rhythm Doctor,16196
761890,Albion Online,63642
764790,The Messenger,7290
775500,SCARLET NEXUS,10390
782250,Hush Hush - Only Your Love Can Save Them,878
787480,Phoenix Wright: Ace Attorney Trilogy,16460
790060,The Void Rains Upon Her Heart,407
790820,Valkyria Chronicles 4 Complete Edition,4595
793460,112 Operator,3849
780290,Gloomhaven,11113
784950,CONFLICT OF NATIONS: WORLD WAR 3,3720
794800,Clue/Cluedo: The Classic Mystery Game,2293
797430,HD Poker: Texas Hold'em,3835
800270,Terraforming Mars,3980
801630,UNDER NIGHT IN-BIRTH Exe:Late[cl-r],2422
803050,Per Aspera,3331
842180,Prison Simulator,1569
803330,Destroy All Humans!,7318
794260,Outward Definitive Edition,18555
814540,Changed,11066
824000,Hokko Life,1372
824270,KovaaK's,26296
824550,SD GUNDAM BATTLE ALLIANCE,4223
824600,HROT,2811
831560,WARRIORS OROCHI 4,3799
834530,Yakuza Kiwami,11559
838380,DEAD OR ALIVE 6,8025
837470,Untitled Goose Game,14046
826630,Iron Harvest,9290
814380,Sekiro™: Shadows Die Twice - GOTY Edition,176988
839770,Phoenix Point,3765
841190,Honey I Joined a Cult,1042
843380,Super Animal Royale,36313
844590,Hypnospace Outlaw,2889
847370,Sunset Overdrive,8674
848350,Katamari Damacy REROLL,3591
848480,Creeper World 4,3278
850320,PHOGS!,446
845890,Moonbreaker,1009
846770,DYSMANTLE,8385
851890,Gal*Gun 2,1456
855740,Bum Simulator,2052
858210,Nova Drift,8699
858810,Dawn of Man,14543
859570,Secret Neighbor: Hello Neighbor Multiplayer,12466
860890,Factory Town,3637
861650,Session: Skate Sim,9267
862800,Storm Chasers,1584
865360,We Were Here Together,8908
867210,Songs of Conquest,4803
851850,DRAGON BALL Z: KAKAROT,32924
860510,Little Nightmares II,24239
858820,Tribes of Midgard,14357
868270,The Cycle: Frontier,43073
868360,Project Hospital,5921
870780,Control Ultimate Edition,28339
872410,ROMANCE OF THE THREE KINGDOMS XIV,10690
874390,The Battle of Polytopia,2631
877200,Zero Caliber VR,3326
882100,XCOM®: Chimera Squad,18514
886250,PokerStars VR,3007
883710,Resident Evil 2,93910
881100,Noita,51802
872200,Rogue Company,21999
887570,NEBULOUS: Fleet Command,1867
890550,RUMBLE,1402
893850,THE LONGING,4775
894020,Death's Door,12297
895400,Deadside,26086
895870,Project Wingman,11237
897450,The Survivalists,4341
898750,Super Robot Wars 30,4281
900040,ELEX II,2903
899770,Last Epoch,19572
892970,Valheim,356617
913740,WORLD OF HORROR,5158
914620,Mist Survival,10549
914710,Cat Quest II,3311
914800,Coffee Talk,7272
915810,Midnight Ghost Hunt,4454
918570,Century: Age of Ashes,15722
921570,OCTOPATH TRAVELER™,10215
921800,Encased: A Sci-Fi Post-Apocalyptic RPG,3461
911400,Assassin's Creed® III Remastered,7648
927380,Yakuza Kiwami 2,9494
928960,Godfall Ultimate Edition,1246
933820,Endzone - A World Apart,6525
936790,Life is Strange: True Colors,9135
939850,The Dark Pictures Anthology: Man of Medan,6371
941460,Death Trash,2794
953490,CARRION,18621
953880,First Class Trouble,2425
952060,Resident Evil 3,49001
933110,Age of Empires III: Definitive Edition,36269
954740,Terminator: Resistance,10072
955900,Amazing Cultivation Simulator,16859
956680,M.A.S.S. Builder,3159
960690,One Step From Eden,5349
960910,Heavy Rain,8061
960990,Beyond: Two Souls,14618
961200,Predecessor,5319
963930,Contractors,3009
960170,DJMAX RESPECT V,20002
1089980,The Henry Stickmin Collection,37065
964800,Prodeus,4360
965580,Root,2624
967050,Pacify,28277
972660,Spiritfarer®: Farewell Edition,28086
976590,Bus Simulator 21 Next Stop,2400
977400,Cell to Singularity - Evolution Never Ends,17334
977880,Eastward,11992
973230,We Who Are About To Die,4263
975370,Dwarf Fortress,19665
977950,A Dance of Fire and Ice,50212
978300,Saints Row®: The Third™ Remastered,1893
983970,Haven,3544
985830,SUCCUBUS,3725
987840,Expeditions: Rome,3358
990630,The Last Campfire,4909
991170,Barn Finders,3255
985810,GrandChase,20997
992300,嗜血印 Bloody Spell,25858
997070,Marvel's Avengers - The Definitive Edition,19942
999220,Amnesia: Rebirth,6227
1000360,Hellish Quart,5114
1009560,The Tenants,5278
1012790,Into the Radius VR,7066
1012880,60 Seconds! Reatomized,10414
1016120,PGA TOUR 2K21,5121
1016800,Chernobylite Enhanced Edition,9092
1003590,Tetris® Effect: Connected,5418
1016920,Unrailed!,10965
1017900,Age of Empires: Definitive Edition,10460
1026680,FINAL FANTASY VIII - REMASTERED,2903
1030210,Torchlight III,9713
1031140,Warhammer The Horus Heresy: Legions,2337
1353300,Idle Slayer,4584
1036890,Shadow Warrior 3: Definitive Edition,2843
1039880,Hellsplit: Arena,2933
1040230,Curious Expedition 2,2842
1041720,Kingdoms of Amalur: Re-Reckoning,4476
1030840,Mafia: Definitive Edition,46016
1017180,The Long Drive,22593
1029210,30XX,1480
1042550,Digimon Story Cyber Sleuth: Complete Edition,6772
1048370,Idle Skilling,1687
1049410,Superliminal,19096
1057090,Ori and the Will of the Wisps,104440
1058020,STAR WARS™ Battlefront (Classic 2004),3276
1058450,MY HERO ONE'S JUSTICE 2,2348
1058650,Beyond The Wire,4785
1058830,Spin Rhythm XD,2880
1060230,Sapiens,1446
1061090,Jump King,9072
1061910,Metal: Hellsinger,8859
1062160,Poly Bridge 2,6280
1063660,Bendy and the Dark Revival,7341
1067850,Kindergarten 2,3347
1068820,OVR Toolkit,2233
1069640,This Land Is My Land,3500
1072040,Panzer Corps 2,2595
1065310,Evil West,4575
1062090,Timberborn,18613
1066890,Automobilista 2,5207
1062520,Dinkum,15582
1069660,Ultimate Admiral: Dreadnoughts,3387
1072420,DRAGON QUEST BUILDERS™ 2,5089
1076200,Roguebook,2324
1079260,Fireworks Mania - An Explosive Simulator,4084
1082710,Bug Fables: The Everlasting Sapling,3649
1088090,Day of Dragons,3849
1088710,Yakuza 3 Remastered,4368
1088790,Rebel Inc: Escalation,4770
1088850,Marvel's Guardians of the Galaxy,21828
1084600,My Time at Sandrock,12046
1090630,Granblue Fantasy: Versus,6337
1094520,Sands of Salzaar,19889
1097350,Weird West: Definitive Edition,2372
1097430,Book of Yog Idle RPG,4741
1097580,CUSTOM ORDER MAID 3D2 It's a Night Magic,1256
1097840,Gears 5,16509
1099410,A Total War Saga: TROY,2054
1102190,Monster Train,16296
1105500,Yakuza 4 Remastered,2975
1092790,Inscryption,88937
1096900,RPG Maker MZ,1070
1105670,The Last Spell,8159
1106840,Hydroneer,16762
1109680,Regiments,1716
1113000,Persona 4 Golden,54866
1115690,Yes Your Grace,6611
1119980,In Sound Mind,2227
1120320,Builder Simulator,989
1121560,Atelier Ryza: Ever Darkness & the Secret Hideout,5979
1124300,HUMANKIND™,18282
1125240,Ancient Dungeon,775
1127400,Mindustry,12978
1128920,EVERSPACE™ 2,7533
1134100,Frozenheim,2668
1136370,Bear and Breakfast,3094
1138850,Heavenly Bodies,2042
1139900,Ghostrunner,36852
1139980,Travellers Rest,5689
1140270,Monster Prom 2: Monster Camp,4247
1129580,Medieval Dynasty,26626
1127500,Mini Motorways,16586
1135230,Ember Knights,2928
1144910,Space Gladiators,281
1147550,Not For Broadcast,7798
1147560,Skul: The Hero Slayer,37828
1148760,I Was a Teenage Exocolonist,1676
1149440,Dragon Marked For Death,780
1216320,Shieldwall,4851
1149620,Gas Station Simulator,16823
1149460,ICARUS,27137
1150760,Gloomwood,3355
1153640,Chorus,2081
1154040,SpellForce 3: Fallen God,1041
1154840,Shadow Empire,760
1155970,Roadwarden,1951
1157390,King Arthur: Knight's Tale,4462
1158850,The Great Ace Attorney Chronicles,3057
1162750,Songs of Syx,2493
1240210,There Is No Game: Wrong Dimension,17796
1166860,Rival Stars Horse Racing: Desktop Edition,2508
1167450,DAEMON X MACHINA,5428
1173370,Slapshot: Rebound,7446
1173510,XSOverlay,780
1173770,FINAL FANTASY,4532
1173780,FINAL FANTASY II,1601
1172380,STAR WARS Jedi: Fallen Order™,112350
1167630,Teardown,71271
1173790,FINAL FANTASY III,1457
1173800,FINAL FANTASY IV,1555
1173810,FINAL FANTASY V,1205
1173820,FINAL FANTASY VI,2356
1176470,Terra Invicta,4060
1179680,Wurm Online,1731
1180380,Stay Out,16758
1343370,Old School RuneScape,14032
1338770,Sniper Ghost Warrior Contracts 2,7351
1343400,RuneScape ®,21885
1182110,Weed Shop 3,3034
1182900,A Plague Tale: Requiem,9131
1186640,Pumpkin Jack,3787
1194630,The Dark Pictures Anthology: Little Hope,4809
1198090,The Legend of Heroes: Trails of Cold Steel IV,1645
1199030,Tainted Grail: Conquest,5965
1202130,Starship Troopers: Terran Command,6415
1205450,Turnip Boy Commits Tax Evasion,6071
1196590,Resident Evil Village,65621
1205970,MX vs ATV Legends,778
1341290,We Were Here Forever,9146
1207650,Suzerain,4580
1209490,Exit the Gungeon,2722
1213210,Command & Conquer™ Remastered Collection,25487
1215390,Animal Revolt Battle Simulator,4176
1206610,Rubber Bandits,3185
1210320,Potion Craft: Alchemist Simulator,18929
1211020,Wobbly Life,13516
1211630,The Jackbox Party Pack 7,3288
1220140,Cartel Tycoon,2056
1221250,NORCO,1458
1222730,STAR WARS™: Squadrons,21288
1225570,Unravel Two,3680
1229380,Everhood,8851
1230140,ATRI -My Dear Moments-,11000
1233570,Mirror's Edge™ Catalyst,9556
1222670,The Sims™ 4,110750
1222700,A Way Out,32945
1222140,Detroit: Become Human,76837
1229240,Chained Echoes,4129
1235140,Yakuza: Like a Dragon,16455
1237980,STAR WARS™ Battlefront,3427
1238040,Dragon Age II: Ultimate Edition,3241
1238060,Dead Space™ 3,7398
1237950,STAR WARS™ Battlefront™ II,43029
1238860,Battlefield 4™,43867
1239080,Door Kickers 2: Task Force North,6137
1239320,Animal Shelter,1806
1241100,POLYGON,21523
1238840,Battlefield™ 1,105466
1250650,AI＊Shoujo/AI＊少女,2004
1238810,Battlefield™ V,141836
1251930,My Lovely Wife,479
1252330,DEATHLOOP,16583
1253920,Rogue Legacy 2,12150
1254120,Bless Unleashed,29916
1255560,Myst,1013
1256670,Library Of Ruina,18324
1259840,The House of Da Vinci 2,1289
1259980,RIDE 4,6768
1260520,Patrick's Parabox,2367
1262240,Plants vs. Zombies: Battle for Neighborville™,9108
1258080,Shop Titans,14194
1262350,SIGNALIS,8989
1262540,Need for Speed™,11998
1262580,Need for Speed™ Payback,15052
1264250,Fishing: North Atlantic - Enhanced Edition,1938
1265860,NASCAR Heat 5,1935
1265920,Life is Strange Remastered,1747
1266700,Destroy All Humans! 2 - Reprobed,1348
1269640,Beacon Pines,1140
1271700,HOT WHEELS UNLEASHED™,3656
1272320,Diplomacy is Not an Option,4085
1325860,VTube Studio,3120
1262560,Need for Speed™ Most Wanted,11995
1267910,Melvor Idle,9318
1276390,Bloons TD Battles 2,25052
1276660,Tinkertown,696
1276760,DRAGON BALL: THE BREAKERS,3168
1276790,Ruined King: A League of Legends Story™,9021
1277400,Monster Hunter Stories 2: Wings of Ruin,9843
1281590,The Dark Pictures Anthology: House of Ashes,4505
1274570,DEVOUR,50080
1273400,Construction Simulator,4966
1284190,The Planet Crafter,21757
1286580,Ship of Fools,1921
1289810,Siralim Ultimate,1234
1291340,Townscaper,17384
1292630,3on3 FreeStyle: Rebound,2392
1294420,Rollerdrome,1069
1294760,HARD BULLET,2972
1295500,Warhammer 40000: Battlesector,3090
1296610,Peglin,8677
1295920,The Mortuary Assistant,4121
1304680,Voidigo,1670
1307710,GRID Legends,1227
1318090,Vertigo Remastered,932
1318690,shapez,8880
1321680,Hello Neighbor 2,1364
1324530,Warhammer 40000: Shootas Blood & Teef,1412
1324780,Easy Red 2,2767
1307890,Kingdoms Reborn,6148
1324130,Stranded: Alien Dawn,4908
1329500,SpiderHeck,1535
1330000,Stolen Realm,1521
1335830,Len's Island,2363
1328670,Mass Effect™ Legendary Edition,35486
1328660,Need for Speed™ Hot Pursuit Remastered,6072
1336980,NOBUNAGA'S AMBITION: Awakening,1444
1333350,Angel Legion,6191
1335200,Action Taimanin,16329
1337760,Potion Permit,2524
1341200,DYNASTY WARRIORS 9 Empires,1289
1343240,Thymesia,4598
1349230,5D Chess With Multiverse Time Travel,5498
1351630,Ys IX: Monstrum Nox,1244
1352080,SMASH LEGENDS,6390
1419170,My Singing Monsters,31604
1359090,Zero Hour,22091
1359980,POSTAL: Brain Damaged,4683
1360000,The Infected,5120
1361000,In Silence,8742
1364210,City Bus Manager,770
1366950,Driver4VR,649
1366800,Crosshair X,8561
1367550,Kingdom Rush Vengeance - Tower Defense,6137
1368820,RollerCoaster Tycoon® 3: Complete Edition,1319
1369370,Combat Mission Shock Force 2,489
1369630,ENDER LILIES: Quietus of the Knights,23690
1369670,Motor Town: Behind The Wheel,2518
1371720,Card Shark,1813
1372280,MELTY BLOOD: TYPE LUMINA,6676
1372320,Cloud Gardens,1759
1372530,Fly Corp,1608
1377380,Night of the Dead,7634
1380420,Grow: Song of the Evertree,1291
1380910,Stardeus,790
1382330,Persona® 5 Strikers,9615
1388870,Arcade Paradise,720
1390350,Webbed,9677
1390410,Midnight Fight Express,1153
1392960,STORY OF SEASONS: Pioneers of Olive Town,970
1388880,Doki Doki Literature Club Plus!,20010
1403370,Zenith: The Last City,3346
1404210,Red Dead Online,47590
1404850,Luck be a Landlord,6762
1408720,Krunker,22492
1410710,Democracy 4,4149
1413480,Shin Megami Tensei III Nocturne HD Remaster,2209
1418630,Dread Hunger,40000
1421250,Tiny Bunny,13497
1426450,Age of Darkness: Final Stand,4998
1432050,Nobody Saves the World,3938
1444480,Turing Complete,1529
1446650,BRAVELY DEFAULT II,1183
1424330,Wobbledogs,6836
1446780,MONSTER HUNTER RISE,49825
1450830,At Dead Of Night,1833
1451090,Tactics Ogre: Reborn,2320
1451480,The Greatest Penguin Heist of All Time,1412
1454400,Cookie Clicker,43838
1455840,Dorfromantik,21304
1522820,Orcs Must Die! 3,7976
1451940,NEEDY STREAMER OVERLOAD,26629
1449690,The Walking Dead: The Telltale Definitive Series,8010
1455630,The Game of Life 2,2237
1458100,Cozy Grove,5693
1462570,Lost in Random™,2085
1462810,WRC 10 FIA World Rally Championship,1025
1465070,Legendary Tales,1618
1466640,Road 96 🛣️,12165
1468260,Leaf Blower Revolution - Idle Game,19629
1468810,鬼谷八荒 Tale of Immortal,185051
1465360,SnowRunner,21423
1468720,Ultimate Epic Battle Simulator 2,3764
1471410,SYNTHETIK 2,1275
1472660,No Place Like Home,3033
1473480,A.V.A Global,6568
1477590,EZ2ON REBOOT : R,4720
1480560,Lawn Mowing Simulator,1437
1484280,Demeo,1223
1484720,Dead Estate,2961
1489630,Carrier Command 2,2195
1490890,Demon Slayer -Kimetsu no Yaiba- The Hinokami Chronicles,13948
1491340,Marble World,715
1496790,Gotham Knights,10359
1509510,Settlement Survival,5535
1511780,Last Call BBS,795
1515950,Capcom Arcade Stadium,288
1520370,Mon Bazou,8283
1520470,Soul Dossier,19925
1521580,Perfect Heist 2,1560
1515210,The Past Within,9858
1509960,PICO PARK,17013
1531430,Paragon: The Overprime,9844
1533420,Neon White,9768
1535560,Farmer Against Potatoes Idle,3550
1544360,LEGO® Builder's Journey,2843
1545450,Incredibox,2405
1531540,Distant Worlds 2,2001
1547890,Let's Build a Zoo,2416
1549250,UNDECEMBER,16417
1562420,FOREWARNED,3714
1592190,BONELAB,11450
1549970,Aliens: Fireteam Elite,15656
1556790,Isonzo,6222
1567020,The Dark Pictures Anthology: The Devil in Me,1875
1568590,Goose Goose Duck,48079
1569200,Brewmaster: Beer Brewing Simulator,591
1570330,West Hunt,643
1571440,Lunch Lady,8051
1574580,Strange Horticulture,6859
1574900,Salt 2: Shores of Gold,712
1608070,CRISIS CORE –FINAL FANTASY VII– REUNION,3331
1578650,Citizen Sleeper,3371
1579380,Shadow Tactics: Aiko's Choice,2929
1580240,Rune Factory 4 Special,1266
1584090,Touhou Mystia's Izakaya,12216
1586800,Lil Gator Game,1952
1591530,SAMURAI WARRIORS 5,1048
1585220,Melatonin,3130
1583230,High On Life,10624
1594320,Captain of Industry,3358
1594940,Little Witch in the Woods,5470
1602010,Persona 4 Arena Ultimax,2504
1602080,Soulstice,913
1869590,Omega Strikers,19739
1609230,Scarlet Hollow,1092
1614550,Astro Colony,1254
1620340,Wrestling Empire,1416
1621070,DeadPoly,3437
1622800,Super Dungeon Maker,292
1623070,Master of Magic,601
1621690,Core Keeper,20852
1611910,Warhammer 40000: Chaos Gate - Daemonhunters,7674
1634150,Behind the Frame: The Finest Scenery,3573
1644960,NBA 2K22,29569
1649080,Two Point Campus,2421
1665190,Monster Prom 3: Monster Roadtrip,1905
1668510,The Legend of Heroes: Trails from Zero,620
1670870,MADiSON,1689
1672970,Minecraft Dungeons,7932
1671200,Honkai Impact 3rd,7962
1676130,Deadlink,2047
1665460,eFootball™ 2024,59071
1683340,Kayak VR: Mirage,614
1684930,CULTIC,3950
1687670,LAST CLOUDIA,645
1692250,F1® 22,19393
1695840,Fear Therapy,2464
1696810,Railroads Online,3644
1677770,The Case of the Golden Idol,4066
1700870,Clanfolk,1673
1705180,Gunner HEAT PC!,2291
1708520,F1® Manager 2022,7130
1709900,Tower Tactics: Liberation,856
1715130,Crysis Remastered,5877
1716120,Monster Rancher 1 & 2 DX,745
1718570,ASTLIBRA Revision,15642
1718870,Spaceflight Simulator,3097
1721470,Poppy Playtime,51249
1816300,HARVESTELLA,1352
1730360,I'm on Observation Duty 4,534
1730680,Klonoa Phantasy Reverie Series,1064
1731070,Asterigos: Curse of the Stars,1526
1740720,Have a Nice Death,6959
1743850,HYPER DEMON,1621
1745510,Lunacid,2039
1760250,Madden NFL 23,3993
1761390,Hatsune Miku: Project DIVA Mega Mix+,9006
1766100,The Last Hero of Nostalgaia,741
1766740,Choo-Choo Charles,10400
1777620,Soul Hackers 2,1609
1782120,ZERO Sievert,6750
1783280,Ghostlore,421
1786790,Magical Girl Celesphonia,1640
1794960,Sonic Origins,2228
1812090,Escape Academy,537
1812620,DSX,880
1811260,EA SPORTS™ FIFA 23,113742
1797880,Lost Light,13306
1827180,Toram Online,3383
1843760,Rogue Tower,4443
1846170,Iron Lung,5573
1824220,Chivalry 2,23960
1846380,Need for Speed™ Unbound,15199
1817070,Marvel’s Spider-Man Remastered,53844
1849900,Among Us VR,1854
1850550,I'm on Observation Duty 5,486
1850570,DEATH STRANDING DIRECTOR'S CUT,13621
1856030,Fresh Start Cleaning Simulator,711
1866180,Hooked on You: A Dead by Daylight Dating Sim™,4740
1867530,Solar Ash,478
1850510,TRIANGLE STRATEGY,1593
1850960,The Jackbox Party Pack 9,426
1874490,Potionomics,4000
1874880,Arma Reforger,7268
1879330,WARRIORS OROCHI 3 Ultimate Definitive Edition,1348
1881200,TRYP FPV : The Drone Racer Simulator,951
1887930,Idle Monster TD: Evolved,971
1896700,Wylde Flowers,800
1913730,Chimeraland,2162
1914580,Spirit Hunters: Infinite Horde,1233
1918040,Army of Ruin,1250
1920480,River City Girls 2,830
1922560,Plants vs. Zombies™ Garden Warfare 2: Deluxe Edition,13004
1919590,NBA 2K23,34522
1939160,Shadows Over Loathing,2084
1942280,Brotato,46034
1944570,Boneraiser Minions,3459
1953520,WRC Generations – The FIA WRC Official Game,1147
1944790,Train Sim World® 3,3026
1954200,Kena: Bridge of Spirits,8166
1961460,PROJECT: PLAYTIME,29870
1970580,Backpack Hero,3019
1970980,Warlord: Britannia,1172
1981570,Land of the Vikings,905
1974050,Torchlight: Infinite,8345
1999360,Placid Plastic Duck Simulator,7699
1987080,Inside the Backrooms,30659
2013360,The Oregon Trail,498
2058180,Judgment,3934
2060130,Return to Monkey Island,6948
2066020,Soulstone Survivors,11314
2064650,Tower of Fantasy,8057
2014780,X-Plane 12,1702
2087030,Shatterline,26354
2088570,Tiny Rogues,3050
2096600,Crysis 2 Remastered,2525
2096610,Crysis 3 Remastered,2009
2208920,Assassin's Creed Valhalla,11641
17530,D.I.P.R.I.P. Warm Up,401
699130,World War Z,11937
637090,BATTLETECH,19502
394510,HELLDIVERS™ Dive Harder Edition,18961
945360,Among Us,587821
477160,Human: Fall Flat,145616
632470,Disco Elysium - The Final Cut,75060
1599660,Sackboy™: A Big Adventure,1154
250900,The Binding of Isaac: Rebirth,225815
920210,LEGO® Star Wars™: The Skywalker Saga,30937
1361510,Teenage Mutant Ninja Turtles: Shredder's Revenge,10250
